City_ID,City,Country,Date,Lat,Lng,Max Temp,Humidity,Cloudiness,Wind Speed
0,Rikitea,PF,2022-08-09 19:25:38,-23.1203,-134.9692,73.49,78,96,17.07
1,Busselton,AU,2022-08-09 19:25:38,-33.65,115.3333,50.59,69,89,11.32
2,Ketchikan,US,2022-08-09 19:21:01,55.3422,-131.6461,66.67,52,0,11.5
3,Ambilobe,MG,2022-08-09 19:25:38,-13.2,49.05,69.22,71,4,4.85
4,Ponta Do Sol,PT,2022-08-09 19:25:39,32.6667,-17.1,74.03,80,18,5.41
5,Faanui,PF,2022-08-09 19:25:39,-16.4833,-151.75,75.22,74,55,6.55
6,Ushuaia,AR,2022-08-09 19:25:39,-54.8,-68.3,42.46,65,0,4.61
7,Qaanaaq,GL,2022-08-09 19:25:40,77.484,-69.3632,38.16,63,0,0.87
8,Klaksvik,FO,2022-08-09 19:25:40,62.2266,-6.589,54.52,95,100,25.7
9,Nemuro,JP,2022-08-09 19:25:40,43.3236,145.575,65.23,100,100,3.24
10,Havelock,US,2022-08-09 19:25:41,34.8791,-76.9013,91.96,75,100,4.0
11,Moose Factory,CA,2022-08-09 19:25:41,51.2585,-80.6094,77.0,44,0,20.71
12,Leningradskiy,RU,2022-08-09 19:25:41,69.3833,178.4167,48.72,58,98,6.8
13,Lorengau,PG,2022-08-09 19:25:42,-2.0226,147.2712,80.46,77,31,6.82
14,Port Alfred,ZA,2022-08-09 19:25:42,-33.5906,26.891,65.52,76,76,10.96
15,Artur Nogueira,BR,2022-08-09 19:25:42,-22.5731,-47.1725,74.21,55,100,9.37
16,Hilo,US,2022-08-09 19:25:43,19.7297,-155.09,90.28,77,100,3.44
17,Bluff,NZ,2022-08-09 19:25:43,-46.6,168.3333,36.9,79,5,2.95
18,Asau,RO,2022-08-09 19:25:43,46.4333,26.4,67.12,98,78,5.44
19,Puerto Ayora,EC,2022-08-09 19:25:44,-0.7393,-90.3518,75.16,81,82,7.0
20,Lavrentiya,RU,2022-08-09 19:25:44,65.5833,-171.0,45.72,68,100,11.5
21,Torbay,CA,2022-08-09 19:25:44,47.6666,-52.7314,56.57,92,100,16.11
22,Chapais,CA,2022-08-09 19:25:45,49.7834,-74.8492,71.38,37,0,3.65
23,Vanimo,PG,2022-08-09 19:25:45,-2.6741,141.3028,76.14,87,100,4.43
24,Chiang Mai,TH,2022-08-09 19:25:45,18.75,99.0,77.07,88,75,5.75
25,Nikolskoye,RU,2022-08-09 19:25:45,59.7035,30.7861,58.91,77,21,2.1
26,Chongwe,ZM,2022-08-09 19:25:46,-15.3292,28.682,61.41,30,0,2.91
27,Guadalupe Y Calvo,MX,2022-08-09 19:25:46,26.1,-106.9667,64.15,70,100,3.62
28,Constitucion,CL,2022-08-09 19:25:46,-35.3333,-72.4167,59.02,49,99,8.14
29,Hithadhoo,MV,2022-08-09 19:25:47,-0.6,73.0833,81.39,76,78,4.32
30,Mataura,NZ,2022-08-09 19:25:47,-46.1927,168.8643,25.41,95,5,1.45
31,Namibe,AO,2022-08-09 19:25:47,-15.1961,12.1522,64.49,87,74,4.14
32,Bandarbeyla,SO,2022-08-09 19:25:48,9.4942,50.8122,77.58,77,73,29.97
33,Cherskiy,RU,2022-08-09 19:25:48,68.75,161.3,60.94,86,99,3.51
34,Tilichiki,RU,2022-08-09 19:25:48,60.4667,166.1,54.16,91,100,8.25
35,Saskylakh,RU,2022-08-09 19:25:49,71.9167,114.0833,50.34,87,89,7.02
36,Sarakhs,IR,2022-08-09 19:25:49,36.5449,61.1577,84.65,21,0,11.68
37,Tuktoyaktuk,CA,2022-08-09 19:25:49,69.4541,-133.0374,60.8,63,100,13.8
38,Aljezur,PT,2022-08-09 19:25:50,37.3191,-8.8033,68.02,78,0,6.85
39,Coihaique,CL,2022-08-09 19:25:48,-45.5752,-72.0662,49.95,62,75,4.61
40,Barrow,US,2022-08-09 19:25:00,71.2906,-156.7887,39.22,87,100,16.11
41,Albany,US,2022-08-09 19:22:08,42.6001,-73.9662,83.68,65,85,1.01
42,Kapaa,US,2022-08-09 19:25:50,22.0752,-159.319,80.58,78,75,11.5
43,Contamana,PE,2022-08-09 19:23:10,-7.3333,-75.0167,91.62,45,95,2.06
44,Nouakchott,MR,2022-08-09 19:25:51,18.0858,-15.9785,82.33,80,22,16.24
45,Kaitangata,NZ,2022-08-09 19:25:51,-46.2817,169.8464,28.99,89,6,4.38
46,Punta Arenas,CL,2022-08-09 19:23:19,-53.15,-70.9167,41.11,87,75,8.05
47,Onokhoy,RU,2022-08-09 19:26:51,51.932,108.0747,49.75,66,23,2.46
48,Ewa Beach,US,2022-08-09 19:26:52,21.3156,-158.0072,83.57,66,40,17.27
49,Panaba,MX,2022-08-09 19:26:52,21.2833,-88.2667,95.52,40,82,13.53
50,Bredasdorp,ZA,2022-08-09 19:26:52,-34.5322,20.0403,51.55,87,61,6.55
51,Anzio,IT,2022-08-09 19:26:53,41.4853,12.6179,77.45,53,46,11.12
52,Karratha,AU,2022-08-09 19:26:53,-20.7377,116.8463,65.3,33,64,14.67
53,Palmer,US,2022-08-09 19:24:19,42.1584,-72.3287,94.91,56,75,13.8
54,Vao,NC,2022-08-09 19:26:53,-22.6667,167.4833,67.73,62,0,16.58
55,Georgetown,MY,2022-08-09 19:24:59,5.4112,100.3354,82.89,87,20,2.3
56,Kruisfontein,ZA,2022-08-09 19:26:54,-34.0033,24.7314,62.65,42,100,8.19
57,Tiarei,PF,2022-08-09 19:23:11,-17.5333,-149.3333,75.22,68,100,6.42
58,East London,ZA,2022-08-09 19:26:54,-33.0153,27.9116,64.89,82,22,10.96
59,Broken Hill,AU,2022-08-09 19:26:31,-31.95,141.4333,48.31,53,100,10.67
60,Pringsewu,ID,2022-08-09 19:26:55,-5.3582,104.9744,72.28,93,6,2.8
61,Tambovka,RU,2022-08-09 19:26:55,50.0969,128.0489,57.24,72,100,7.85
62,Kashi,CN,2022-08-09 19:26:55,39.4547,75.9797,69.01,94,40,6.71
63,Havoysund,NO,2022-08-09 19:22:16,70.9963,24.6622,53.83,85,100,20.02
64,Ahipara,NZ,2022-08-09 19:26:56,-35.1667,173.1667,49.77,73,1,0.81
65,Pevek,RU,2022-08-09 19:26:56,69.7008,170.3133,46.94,63,100,15.75
66,Dikson,RU,2022-08-09 19:26:56,73.5069,80.5464,42.21,96,100,24.54
67,Shieli,KZ,2022-08-09 19:26:57,44.1667,66.75,73.76,32,0,8.97
68,Chokurdakh,RU,2022-08-09 19:26:57,70.6333,147.9167,51.71,88,2,6.76
69,Rivers,CA,2022-08-09 19:26:57,50.0308,-100.2403,72.55,44,3,12.97
70,Dingle,PH,2022-08-09 19:26:57,10.9995,122.6711,74.71,93,35,1.45
71,Balkhash,KZ,2022-08-09 19:26:58,46.844,74.9804,69.78,59,72,9.95
72,Arraial Do Cabo,BR,2022-08-09 19:26:58,-22.9661,-42.0278,73.36,83,75,8.05
73,Rio Cuarto,AR,2022-08-09 19:26:51,-33.1307,-64.3499,57.33,50,20,12.66
74,Chuy,UY,2022-08-09 19:26:59,-33.6971,-53.4616,53.83,69,5,11.3
75,Sur,OM,2022-08-09 19:26:59,22.5667,59.5289,87.44,63,87,12.24
76,Grand Gaube,MU,2022-08-09 19:26:59,-20.0064,57.6608,68.4,71,63,4.0
77,Carnarvon,AU,2022-08-09 19:27:00,-24.8667,113.6333,58.53,59,63,15.32
78,Lebu,CL,2022-08-09 19:27:00,-37.6167,-73.65,52.81,62,100,9.66
79,Saint George,US,2022-08-09 19:24:00,37.1041,-113.5841,98.26,28,0,6.91
80,Acajutla,SV,2022-08-09 19:27:00,13.5928,-89.8275,85.42,65,95,5.23
81,Banda Aceh,ID,2022-08-09 19:27:01,5.5577,95.3222,79.27,84,91,13.78
82,New Norfolk,AU,2022-08-09 19:27:01,-42.7826,147.0587,37.71,87,0,2.66
83,Khatanga,RU,2022-08-09 19:27:01,71.9667,102.5,53.22,76,100,4.72
84,Talnakh,RU,2022-08-09 19:27:02,69.4865,88.3972,51.21,85,59,4.29
85,Supia,CO,2022-08-09 19:27:02,5.453,-75.6507,82.65,53,100,0.58
86,Yellowknife,CA,2022-08-09 19:27:03,62.456,-114.3525,64.92,72,40,10.36
87,Bambous Virieux,MU,2022-08-09 19:27:03,-20.3428,57.7575,68.25,68,75,12.66
88,Nara,JP,2022-08-09 19:26:53,34.6851,135.8049,82.49,67,100,2.8
89,Brae,GB,2022-08-09 19:27:04,60.3964,-1.353,58.64,89,100,25.01
90,Ribeira Grande,PT,2022-08-09 19:27:04,38.5167,-28.7,77.4,73,20,3.44
91,Velikent,RU,2022-08-09 19:27:05,42.1863,48.0628,74.57,50,1,4.85
92,Kahului,US,2022-08-09 19:28:05,20.8947,-156.47,86.02,51,20,20.71
93,San Cristobal,VE,2022-08-09 19:26:22,7.7669,-72.225,87.98,40,67,8.63
94,Paamiut,GL,2022-08-09 19:28:06,61.994,-49.6678,41.88,91,99,15.1
95,Tabas,IR,2022-08-09 19:28:06,33.5959,56.9244,93.0,17,0,7.49
96,Kentau,KZ,2022-08-09 19:28:06,43.5206,68.5094,73.17,30,0,7.58
97,Severo-Kurilsk,RU,2022-08-09 19:23:58,50.6789,156.125,55.51,98,100,19.08
98,Nago,JP,2022-08-09 19:28:07,26.5881,127.9761,79.23,76,2,5.21
99,Pisco,PE,2022-08-09 19:24:14,-13.7,-76.2167,61.02,82,100,9.22
100,Jamestown,US,2022-08-09 19:24:57,42.097,-79.2353,73.02,62,100,8.05
101,Shumikha,RU,2022-08-09 19:28:07,55.2261,63.2961,62.82,74,0,5.32
102,Trinidad,BO,2022-08-09 19:28:08,-14.8333,-64.9,62.58,88,100,13.8
103,Riviere-Au-Renard,CA,2022-08-09 19:28:08,48.9957,-64.3971,70.09,63,4,6.82
104,Belaya Gora,RU,2022-08-09 19:28:08,68.5333,146.4167,58.08,83,2,7.76
105,Teya,RU,2022-08-09 19:28:09,60.3778,92.6267,59.38,97,100,1.32
106,Oranjestad,AW,2022-08-09 19:24:20,12.524,-70.027,84.15,79,40,20.71
107,Bereda,ES,2022-08-09 19:28:09,43.2686,-7.5406,71.42,98,4,5.91
108,Saldanha,ZA,2022-08-09 19:28:09,-33.0117,17.9442,53.65,87,100,3.83
109,Rawson,AR,2022-08-09 19:28:10,-43.3002,-65.1023,56.34,33,77,9.13
110,Shimoda,JP,2022-08-09 19:28:10,34.6667,138.95,79.11,91,58,12.37
111,Berlevag,NO,2022-08-09 19:28:11,70.8578,29.0864,57.0,82,43,14.97
112,Jalu,LY,2022-08-09 19:28:11,29.0331,21.5482,89.56,36,55,15.9
113,Belyy Yar,RU,2022-08-09 19:28:11,53.6039,91.3903,60.69,77,0,6.71
114,Bedesa,ET,2022-08-09 19:28:12,8.9,40.7833,64.24,74,100,4.52
115,Buala,SB,2022-08-09 19:28:12,-8.145,159.5921,79.41,82,100,4.65
116,La Libertad,EC,2022-08-09 19:28:12,-2.2333,-80.9,73.06,78,75,12.66
117,Hwange,ZW,2022-08-09 19:28:13,-18.3693,26.5019,70.07,26,0,1.92
118,Santa Cruz,BO,2022-08-09 19:24:30,-17.8,-63.1667,66.25,55,75,25.32
119,Tiksi,RU,2022-08-09 19:28:13,71.6872,128.8694,54.88,72,100,15.59
120,Monte Alegre,BR,2022-08-09 19:28:13,-2.0078,-54.0692,95.92,30,42,4.52
121,Bossangoa,CF,2022-08-09 19:28:14,6.4926,17.4552,73.11,90,100,2.77
122,Adrar,MR,2022-08-09 19:28:14,20.5022,-10.0711,106.86,6,100,15.86
123,Vaini,TO,2022-08-09 19:28:15,-21.2,-175.2,75.36,94,75,5.75
124,Geraldton,AU,2022-08-09 19:28:15,-28.7667,114.6,50.41,93,75,8.05
125,Ust-Omchug,RU,2022-08-09 19:28:15,61.15,149.6333,60.35,64,100,3.06
126,San Patricio,US,2022-08-09 19:28:16,28.017,-97.5169,97.52,41,75,10.8
127,Vitim,RU,2022-08-09 19:28:16,59.4511,112.5578,52.97,96,100,2.1
128,Ilave,PE,2022-08-09 19:28:16,-16.0833,-69.6667,56.3,27,48,9.53
129,Beloha,MG,2022-08-09 19:28:17,-25.1667,45.05,66.6,80,0,13.13
130,Deputatskiy,RU,2022-08-09 19:28:17,69.3,139.9,48.65,88,0,2.55
131,Mar Del Plata,AR,2022-08-09 19:28:17,-38.0023,-57.5575,51.94,83,0,6.91
132,Bethel,US,2022-08-09 19:28:18,41.3712,-73.414,94.89,62,40,9.22
133,Atar,MR,2022-08-09 19:23:57,20.5169,-13.0499,107.98,6,100,16.73
134,Bengkulu,ID,2022-08-09 19:28:18,-3.8004,102.2655,74.77,91,33,4.61
135,Cape Town,ZA,2022-08-09 19:24:08,-33.9258,18.4232,57.11,82,20,11.5
136,Flin Flon,CA,2022-08-09 19:28:19,54.7682,-101.865,64.24,59,75,14.97
137,Aklavik,CA,2022-08-09 19:28:19,68.2191,-135.0107,62.91,49,100,10.76
138,Avarua,CK,2022-08-09 19:29:19,-21.2078,-159.775,73.45,73,20,10.36
139,Guerrero Negro,MX,2022-08-09 19:29:20,27.9769,-114.0611,86.04,46,34,10.85
140,Clyde River,CA,2022-08-09 19:29:20,70.4692,-68.5914,44.83,76,40,26.46
141,Goderich,CA,2022-08-09 19:29:20,43.7501,-81.7165,68.32,68,19,11.5
142,San Quintin,MX,2022-08-09 19:29:21,30.4833,-115.95,78.57,65,13,10.22
143,Narsaq,GL,2022-08-09 19:29:21,60.9167,-46.05,50.22,64,8,4.34
144,Tailai,CN,2022-08-09 19:29:21,46.3833,123.4,63.73,45,0,11.56
145,Fare,PF,2022-08-09 19:29:22,-16.7,-151.0167,76.15,72,100,8.1
146,Mushabani,IN,2022-08-09 19:29:22,22.5167,86.45,77.07,97,100,3.87
147,Thompson,CA,2022-08-09 19:29:22,55.7435,-97.8558,60.96,72,75,13.8
148,Stornoway,GB,2022-08-09 19:29:23,58.2093,-6.3865,62.56,86,100,16.11
149,El Ocote,HN,2022-08-09 19:29:23,15.4167,-86.5667,79.57,81,94,3.85
150,Fallon,US,2022-08-09 19:29:24,39.4735,-118.7774,81.45,50,75,3.44
151,Dunedin,NZ,2022-08-09 19:26:13,-45.8742,170.5036,32.81,74,5,4.0
152,Ola,RU,2022-08-09 19:29:24,59.5833,151.2833,57.15,85,100,7.87
153,Halifax,CA,2022-08-09 19:27:41,44.6453,-63.5724,72.21,88,100,11.5
154,Flagstaff,US,2022-08-09 19:29:24,35.1981,-111.6513,82.56,44,20,12.66
155,Topeka,US,2022-08-09 19:28:30,39.0483,-95.678,87.89,55,0,6.91
156,Castro,BR,2022-08-09 19:29:28,-24.7911,-50.0119,57.65,98,100,3.56
157,Santa Cruz De Tenerife,ES,2022-08-09 19:29:29,28.4682,-16.2546,76.87,74,5,13.69
158,Rila,BG,2022-08-09 19:29:29,42.1333,23.1333,67.96,47,7,4.61
159,Hobart,AU,2022-08-09 19:26:21,-42.8794,147.3294,38.05,93,0,5.75
160,Kavieng,PG,2022-08-09 19:29:29,-2.5744,150.7967,79.93,79,100,4.54
161,Souillac,MU,2022-08-09 19:29:30,-20.5167,57.5167,68.38,68,75,12.66
162,Upernavik,GL,2022-08-09 19:29:30,72.7868,-56.1549,41.18,89,100,15.95
163,Westport,US,2022-08-09 19:29:30,41.1415,-73.3579,95.88,59,75,12.66
164,Gorontalo,ID,2022-08-09 19:29:31,0.5412,123.0595,74.08,94,48,1.97
165,Arlit,NE,2022-08-09 19:29:31,18.7369,7.3853,96.04,28,38,15.95
166,Atuona,PF,2022-08-09 19:29:31,-9.8,-139.0333,77.18,73,2,18.52
167,Tevaitoa,PF,2022-08-09 19:29:31,-16.7833,-151.5,76.24,70,99,7.9
168,Norman Wells,CA,2022-08-09 19:29:32,65.282,-126.8329,64.44,68,100,4.61
169,Aksarka,RU,2022-08-09 19:29:32,66.5606,67.7975,50.68,70,5,5.79
170,Chany,RU,2022-08-09 19:29:32,55.3121,76.7647,60.85,74,0,8.52
171,Kuytun,RU,2022-08-09 19:29:33,54.3419,101.5036,58.08,73,80,3.65
172,Pocosol,CR,2022-08-09 19:29:33,10.3667,-84.6167,84.29,76,98,5.1
173,Khash,IR,2022-08-09 19:29:34,28.2211,61.2158,85.71,18,55,11.43
174,Port Elizabeth,ZA,2022-08-09 19:29:34,-33.918,25.5701,61.32,74,0,2.3
175,Butaritari,KI,2022-08-09 19:29:34,3.0707,172.7902,81.34,77,97,14.2
176,Sandwick,GB,2022-08-09 19:29:34,60.0,-1.25,58.82,88,75,13.8
177,Kidal,ML,2022-08-09 19:29:35,18.4411,1.4078,96.39,32,3,8.88
178,Faya,SA,2022-08-09 19:29:35,18.3851,42.4509,66.31,69,99,6.62
179,Sao Filipe,CV,2022-08-09 19:29:35,14.8961,-24.4956,80.71,80,100,6.93
180,Samfya,ZM,2022-08-09 19:29:36,-11.3649,29.5565,66.58,36,0,7.07
181,Alta Floresta,BR,2022-08-09 19:29:36,-9.8756,-56.0861,96.62,38,40,4.61
182,Nivala,FI,2022-08-09 19:29:36,63.9167,24.9667,53.69,77,100,3.53
183,Brigantine,US,2022-08-09 19:29:37,39.4101,-74.3646,102.04,47,75,14.97
184,Kedrovyy,RU,2022-08-09 19:30:37,56.1667,91.8167,52.21,77,8,1.95
185,Port Moresby,PG,2022-08-09 19:30:37,-9.4431,147.1797,76.42,83,0,11.5
186,Port Macquarie,AU,2022-08-09 19:30:38,-31.4333,152.9167,41.9,89,35,11.03
187,Severnyy,RU,2022-08-09 19:30:38,50.677,36.5532,71.64,78,0,8.95
188,Radomsko,PL,2022-08-09 19:30:38,51.0671,19.4448,65.52,62,68,6.17
189,Point Pedro,LK,2022-08-09 19:30:38,9.8167,80.2333,81.23,79,100,20.45
190,Sambava,MG,2022-08-09 19:30:39,-14.2667,50.1667,68.02,86,79,13.0
191,El Carmen,CO,2022-08-09 19:30:39,8.5106,-73.4478,85.78,52,25,2.1
192,Maniitsoq,GL,2022-08-09 19:30:39,65.4167,-52.9,40.35,92,100,3.13
193,Madang,PG,2022-08-09 19:30:40,-5.2246,145.7966,76.33,91,94,2.28
194,Arroyo,ES,2022-08-09 19:28:50,41.6096,-4.7969,94.14,21,20,3.44
195,Yar-Sale,RU,2022-08-09 19:30:40,66.8333,70.8333,52.0,68,13,8.86
196,Brownsville,US,2022-08-09 19:26:58,25.9018,-97.4975,94.95,54,40,11.5
197,Fort-Shevchenko,KZ,2022-08-09 19:30:40,44.5086,50.263,82.45,43,88,14.05
198,Parola,IN,2022-08-09 19:30:41,20.8833,75.1167,75.96,93,100,8.03
199,Benguela,AO,2022-08-09 19:27:36,-12.5763,13.4055,69.76,82,100,5.61
200,Fujin,CN,2022-08-09 19:30:41,47.26,132.0322,63.97,66,36,12.48
201,Dudinka,RU,2022-08-09 19:30:42,69.4058,86.1778,51.62,86,29,9.22
202,Puerto Escondido,MX,2022-08-09 19:29:54,15.85,-97.0667,88.63,58,40,5.75
203,Stephenville,US,2022-08-09 19:30:22,32.2207,-98.2023,100.92,32,40,9.22
204,Vestmannaeyjar,IS,2022-08-09 19:30:42,63.4427,-20.2734,52.79,93,100,25.32
205,Visby,SE,2022-08-09 19:30:42,57.6409,18.296,61.02,77,0,1.14
206,Touros,BR,2022-08-09 19:30:43,-5.1989,-35.4608,77.95,73,38,15.86
207,Le Pont-De-Claix,FR,2022-08-09 19:30:43,45.1244,5.7064,82.26,51,43,1.74
208,Ryotsu,JP,2022-08-09 19:30:43,38.0833,138.4333,78.33,88,90,9.31
209,Walvis Bay,NA,2022-08-09 19:30:44,-22.9575,14.5053,54.09,93,4,10.36
210,Bacolod,PH,2022-08-09 19:27:58,10.6667,122.95,77.04,82,98,2.01
211,North Bend,US,2022-08-09 19:29:25,43.4065,-124.2243,69.17,85,100,3.44
212,Qaqortoq,GL,2022-08-09 19:30:44,60.7167,-46.0333,47.21,73,10,8.88
213,Qiongshan,CN,2022-08-09 19:30:44,20.0058,110.3542,80.58,89,75,4.47
214,High Rock,BS,2022-08-09 19:30:45,26.6208,-78.2833,89.62,74,4,14.85
215,College,US,2022-08-09 19:27:34,64.8569,-147.8028,45.46,88,100,4.61
216,Linxia,CN,2022-08-09 19:30:45,35.6003,103.2064,69.31,89,100,1.97
217,Ratnagiri,IN,2022-08-09 19:30:45,16.9833,73.3,78.85,84,100,20.42
218,Winona,US,2022-08-09 19:29:49,43.9666,-91.7668,79.68,56,0,0.0
219,Kodiak,US,2022-08-09 19:30:46,57.79,-152.4072,53.11,87,100,4.61
220,Tasiilaq,GL,2022-08-09 19:30:46,65.6145,-37.6368,42.96,91,67,6.62
221,Hamilton,US,2022-08-09 19:25:57,39.1834,-84.5333,87.22,78,100,11.5
222,Zhanaozen,KZ,2022-08-09 19:30:47,43.3,52.8,80.73,35,36,14.74
223,Port Augusta,AU,2022-08-09 19:30:47,-32.5,137.7667,54.46,54,100,20.56
224,Cabo San Lucas,MX,2022-08-09 19:30:09,22.8909,-109.9124,91.62,68,20,12.66
225,Tessalit,ML,2022-08-09 19:30:48,20.1986,1.0114,80.92,55,100,25.1
226,Fortuna,US,2022-08-09 19:30:48,40.5982,-124.1573,63.52,82,75,6.91
227,Behbahan,IR,2022-08-09 19:30:48,30.5959,50.2417,98.04,28,37,14.47
228,Ejido,VE,2022-08-09 19:30:49,8.5514,-71.2375,78.21,72,100,3.91
229,Portales,US,2022-08-09 19:30:49,34.1862,-103.3344,86.09,40,98,17.76
230,Wilmington,US,2022-08-09 19:27:02,34.2257,-77.9447,93.99,49,40,16.11
231,Nome,US,2022-08-09 19:31:49,64.5011,-165.4064,48.16,76,100,16.11
232,Papillion,US,2022-08-09 19:31:50,41.1544,-96.0422,84.11,42,0,5.75
233,Erzin,TR,2022-08-09 19:31:50,36.9559,36.2,76.03,81,62,4.0
234,Omsukchan,RU,2022-08-09 19:31:50,62.5333,155.8,57.0,65,100,7.36
235,Atikokan,CA,2022-08-09 19:31:51,48.7555,-91.6216,83.32,34,8,15.66
236,Esperance,AU,2022-08-09 19:31:51,-33.8667,121.9,51.49,76,93,22.97
237,Nacala,MZ,2022-08-09 19:31:51,-14.5428,40.6728,70.75,82,0,4.88
238,Xining,CN,2022-08-09 19:31:52,36.6167,101.7667,64.08,89,100,2.89
239,Soyo,AO,2022-08-09 19:31:52,-6.1349,12.3689,69.89,89,0,9.64
240,Scarborough,GB,2022-08-09 19:28:46,54.2797,-0.4044,68.32,71,87,8.99
241,Tuatapere,NZ,2022-08-09 19:31:52,-46.1333,167.6833,33.03,87,27,3.02
242,Spornoye,RU,2022-08-09 19:31:53,50.8448,37.2913,71.33,66,91,8.3
243,Saint-Augustin,CA,2022-08-09 19:31:53,51.226,-58.6502,68.32,39,6,10.76
244,Port-Cartier,CA,2022-08-09 19:31:53,50.0334,-66.8654,68.22,49,1,6.98
245,Cap Malheureux,MU,2022-08-09 19:31:54,-19.9842,57.6142,67.46,71,71,4.0
246,Haicheng,CN,2022-08-09 19:31:54,40.8516,122.7475,61.25,88,0,5.86
247,La Rioja,ES,2022-08-09 19:31:54,42.25,-2.5,80.38,64,100,9.13
248,Vardo,NO,2022-08-09 19:31:55,70.3705,31.1107,53.58,87,75,2.3
249,Victoria,HK,2022-08-09 19:30:01,22.2855,114.1577,82.45,92,100,17.0
250,Temecula,US,2022-08-09 19:31:55,33.4936,-117.1484,99.21,34,0,10.36
251,Richards Bay,ZA,2022-08-09 19:31:55,-28.783,32.0377,63.91,85,19,6.33
252,Zemio,CF,2022-08-09 19:31:56,5.0314,25.1361,70.7,94,46,1.07
253,Kaili,ID,2022-08-09 19:31:56,-3.4626,120.2147,66.43,97,100,2.28
254,Buraydah,SA,2022-08-09 19:28:03,26.326,43.975,102.65,14,0,12.41
255,Issaquah,US,2022-08-09 19:30:22,47.5301,-122.0326,71.44,75,40,0.0
256,Broome,US,2022-08-09 19:31:57,42.2506,-75.833,80.71,68,100,12.66
257,Barcelos,PT,2022-08-09 19:31:57,41.5388,-8.6151,79.92,88,7,2.62
258,Nouadhibou,MR,2022-08-09 19:31:57,20.931,-17.0347,80.58,57,6,16.11
259,Hami,CN,2022-08-09 19:31:58,42.8,93.45,87.51,24,0,9.17
260,Dori,BF,2022-08-09 19:31:58,14.0354,-0.0345,82.99,66,27,11.52
261,Bahia De Caraquez,EC,2022-08-09 19:31:58,-0.6,-80.4167,82.58,79,78,12.91
262,Quatre Cocos,MU,2022-08-09 19:31:59,-20.2078,57.7625,68.11,73,91,19.46
263,Laguna,US,2022-08-09 19:28:52,38.421,-121.4238,84.49,44,0,9.22
264,Nuuk,GL,2022-08-09 19:31:59,64.1835,-51.7216,41.61,93,75,9.22
265,Talcahuano,CL,2022-08-09 19:31:59,-36.7167,-73.1167,56.88,54,0,9.22
266,Salalah,OM,2022-08-09 19:32:00,17.0151,54.0924,76.73,94,97,5.5
267,Sola,VU,2022-08-09 19:32:00,-13.8833,167.55,80.01,72,12,3.11
268,Magadan,RU,2022-08-09 19:32:00,59.5667,150.8,56.53,91,100,13.94
269,Luwuk,ID,2022-08-09 19:32:01,-0.9516,122.7875,75.51,92,93,4.56
270,Santa Isabel Do Rio Negro,BR,2022-08-09 19:32:01,-0.4139,-65.0192,90.84,51,81,3.29
271,Ascension,US,2022-08-09 19:32:01,30.2169,-90.9001,92.08,64,75,6.91
272,Labuhan,ID,2022-08-09 19:32:02,-6.8844,112.2051,75.51,89,10,7.99
273,Oktyabrskoye,RU,2022-08-09 19:32:02,43.0645,44.7417,60.94,82,1,8.95
274,Vila Franca Do Campo,PT,2022-08-09 19:32:03,37.7167,-25.4333,73.81,74,61,4.16
275,Port Hardy,CA,2022-08-09 19:30:20,50.6996,-127.4199,60.98,82,20,6.91
276,Mount Gambier,AU,2022-08-09 19:32:56,-37.8333,140.7667,43.9,73,100,9.28
277,Lompoc,US,2022-08-09 19:32:42,34.6391,-120.4579,87.01,69,0,8.05
278,Nuevo Progreso,MX,2022-08-09 19:33:04,23.1667,-97.95,89.89,50,73,4.0
279,Sobolevo,RU,2022-08-09 19:33:04,54.4299,31.8996,61.5,70,100,6.42
280,Ulladulla,AU,2022-08-09 19:33:05,-35.35,150.4667,45.7,85,65,6.31
281,Shubarshi,KZ,2022-08-09 19:33:05,48.5872,57.1869,77.83,44,29,5.75
282,Port Lincoln,AU,2022-08-09 19:30:20,-34.7333,135.8667,52.77,77,100,25.95
283,Smidovich,RU,2022-08-09 19:33:06,48.6,133.8167,54.48,89,54,7.85
284,Hermanus,ZA,2022-08-09 19:33:06,-34.4187,19.2345,53.8,78,67,8.23
285,Udachnyy,RU,2022-08-09 19:33:06,66.4167,112.4,59.45,67,100,4.94
286,Half Moon Bay,US,2022-08-09 19:33:07,37.4636,-122.4286,82.9,63,40,14.97
287,Samarai,PG,2022-08-09 19:33:07,-10.6167,150.6667,78.53,82,92,18.75
288,Port-Gentil,GA,2022-08-09 19:33:08,-0.7193,8.7815,76.96,78,75,10.36
289,Mahebourg,MU,2022-08-09 19:33:08,-20.4081,57.7,68.29,68,75,12.66
290,Muzaffarabad,PK,2022-08-09 19:33:08,34.37,73.4711,76.03,81,3,4.18
291,Havre-Saint-Pierre,CA,2022-08-09 19:31:32,50.2334,-63.5986,68.36,52,0,10.36
292,Walcz,PL,2022-08-09 19:33:09,53.2779,16.4712,61.38,65,40,6.82
293,Tezu,IN,2022-08-09 19:33:09,27.9167,96.1667,76.24,98,100,2.82
294,San Policarpo,PH,2022-08-09 19:33:10,12.1791,125.5072,77.07,88,100,6.2
295,Sarrebourg,FR,2022-08-09 19:33:10,48.7333,7.05,81.21,42,6,7.65
296,Yima,CN,2022-08-09 19:33:10,34.7381,111.8839,65.66,94,100,7.14
297,Marion,US,2022-08-09 19:33:11,39.7684,-86.1555,77.32,90,100,5.75
298,Flinders,AU,2022-08-09 19:33:11,-34.5833,150.8552,51.19,83,100,4.0
299,Mezhdurechensk,RU,2022-08-09 19:33:11,53.6942,88.0603,62.37,71,100,2.59
300,Xiashi,CN,2022-08-09 19:33:11,30.5363,120.6864,87.82,75,100,6.98
301,Merrill,US,2022-08-09 19:31:45,45.1805,-89.6835,78.82,55,0,8.05
302,Upata,VE,2022-08-09 19:33:12,8.0086,-62.3989,81.63,81,73,4.21
303,Tuckahoe,US,2022-08-09 19:33:12,37.5901,-77.5564,97.99,55,11,5.99
304,San Jeronimo,PE,2022-08-09 19:33:13,-11.9472,-75.2829,61.09,44,97,5.23
305,Yurty,RU,2022-08-09 19:33:13,56.0498,97.6348,53.78,89,33,1.9
306,Nakhon Phanom,TH,2022-08-09 19:33:14,17.3333,104.4167,73.35,97,93,2.26
307,Batemans Bay,AU,2022-08-09 19:33:14,-35.7167,150.1833,48.09,87,15,4.97
308,Los Llanos De Aridane,ES,2022-08-09 19:33:15,28.6585,-17.9182,71.35,89,0,11.5
309,Central Point,US,2022-08-09 19:30:09,42.376,-122.9164,91.0,38,0,1.99
310,Katsuura,JP,2022-08-09 19:33:15,35.1333,140.3,80.71,89,79,19.95
311,Mahajanga,MG,2022-08-09 19:33:15,-15.7167,46.3167,71.62,64,20,2.3
312,Ancud,CL,2022-08-09 19:33:16,-41.8697,-73.8203,48.22,70,100,3.58
313,Iqaluit,CA,2022-08-09 19:33:16,63.7506,-68.5145,51.53,71,75,3.44
314,Comodoro Rivadavia,AR,2022-08-09 19:30:02,-45.8667,-67.5,53.46,37,0,21.85
315,Mehamn,NO,2022-08-09 19:33:16,71.0357,27.8492,53.55,76,75,8.05
316,Miramar,US,2022-08-09 19:33:17,25.9873,-80.2323,92.01,73,75,14.97
317,Provideniya,RU,2022-08-09 19:33:17,64.3833,-173.3,49.08,65,94,8.84
318,Owosso,US,2022-08-09 19:33:17,42.9978,-84.1766,75.92,62,0,5.75
319,Yerbogachen,RU,2022-08-09 19:33:18,61.2767,108.0108,48.31,87,100,2.21
320,Realeza,BR,2022-08-09 19:34:18,-25.7689,-53.5325,55.36,93,99,8.66
321,Cockburn Town,TC,2022-08-09 19:34:18,21.4612,-71.1419,82.09,78,15,16.44
322,Shitanjing,CN,2022-08-09 19:34:19,39.2342,106.3439,68.56,76,100,6.15
323,Kelheim,DE,2022-08-09 19:34:19,48.9167,11.8667,73.65,55,0,4.72
324,Tavarede,PT,2022-08-09 19:34:19,40.1708,-8.8457,70.56,96,12,3.42
325,Manzanillo,CU,2022-08-09 19:34:20,20.3433,-77.1167,94.82,45,24,3.89
326,Mogzon,RU,2022-08-09 19:34:20,51.7435,111.9606,41.49,89,0,2.89
327,Bunia,CD,2022-08-09 19:33:00,1.5667,30.25,64.15,88,11,3.18
328,Madimba,TZ,2022-08-09 19:34:21,-10.4,40.3333,71.37,82,61,7.11
329,Monster,NL,2022-08-09 19:34:21,52.0258,4.175,72.95,69,78,10.36
330,Banjar,ID,2022-08-09 19:34:21,-8.19,114.9675,74.3,90,42,4.9
331,Klyuchi,RU,2022-08-09 19:34:22,52.2667,79.1667,68.79,59,100,5.68
332,Calama,CL,2022-08-09 19:34:22,-22.4667,-68.9333,72.09,4,0,4.61
333,Chernyshevskiy,RU,2022-08-09 19:33:00,63.0128,112.4714,49.42,90,100,2.21
334,Saint-Georges,GD,2022-08-09 19:34:22,12.0564,-61.7485,87.48,74,20,23.02
335,Kysyl-Syr,RU,2022-08-09 19:34:23,63.8986,122.7617,50.5,90,77,5.39
336,Houma,US,2022-08-09 19:34:23,29.5958,-90.7195,88.0,73,0,5.99
337,Karasburg,NA,2022-08-09 19:34:23,-28.0167,18.75,58.91,20,3,3.98
338,Bilibino,RU,2022-08-09 19:34:24,68.0546,166.4372,58.66,74,100,1.68
339,Kingaroy,AU,2022-08-09 19:34:24,-26.5333,151.8333,41.36,80,0,3.89
340,Goba,ET,2022-08-09 19:34:24,7.0167,39.9833,53.04,93,100,1.88
341,Sao Felix Do Xingu,BR,2022-08-09 19:34:25,-6.6447,-51.995,98.22,19,19,3.31
342,Pitimbu,BR,2022-08-09 19:34:25,-7.4706,-34.8086,81.19,75,40,11.5
343,Auki,SB,2022-08-09 19:34:25,-8.7676,160.7034,76.08,88,85,3.6
344,Erdemli,TR,2022-08-09 19:34:26,36.605,34.3084,79.74,81,1,3.62
345,Plettenberg Bay,ZA,2022-08-09 19:34:26,-34.0527,23.3716,59.95,70,14,9.44
346,Finschhafen,PG,2022-08-09 19:34:26,-6.6024,147.8681,77.5,83,100,7.29
347,Ulaanbaatar,MN,2022-08-09 19:34:27,47.9077,106.8832,57.33,82,40,6.71
348,Botngard,NO,2022-08-09 19:34:27,63.7653,9.8111,60.78,94,75,11.5
349,Sandovo,RU,2022-08-09 19:34:27,58.4602,36.4128,55.78,85,61,4.76
350,Huarmey,PE,2022-08-09 19:34:28,-10.0681,-78.1522,67.14,70,14,8.5
351,Codrington,AU,2022-08-09 19:34:28,-38.2667,141.9667,42.03,77,100,8.81
352,Hofn,IS,2022-08-09 19:34:33,64.2539,-15.2082,52.23,95,100,25.7
353,Naron,ES,2022-08-09 19:34:34,43.5167,-8.1528,81.45,75,38,12.06
354,Noshiro,JP,2022-08-09 19:34:34,40.2039,140.0242,71.87,95,100,2.17
355,Lambarene,GA,2022-08-09 19:34:34,-0.7001,10.2406,77.99,70,88,5.39
356,Vercelli,IT,2022-08-09 19:34:34,45.3231,8.4153,83.75,54,0,4.92
357,Saint Anthony,US,2022-08-09 19:34:35,45.0205,-93.218,85.33,48,0,8.05
358,Rio Grande,BR,2022-08-09 19:34:35,-32.035,-52.0986,57.31,74,100,16.75
359,Aripuana,BR,2022-08-09 19:34:35,-9.1667,-60.6333,94.03,35,76,3.15
360,Pochutla,MX,2022-08-09 19:34:36,15.7432,-96.4661,89.82,54,68,7.54
361,Hailey,US,2022-08-09 19:33:12,43.5196,-114.3153,90.88,33,0,7.0
362,Hambantota,LK,2022-08-09 19:34:36,6.1241,81.1185,77.67,83,100,16.08
363,Ucluelet,CA,2022-08-09 19:34:37,48.9329,-125.5528,59.31,73,1,4.09
364,Guarapari,BR,2022-08-09 19:33:16,-20.6667,-40.4975,74.89,83,52,7.09
365,Lasa,IT,2022-08-09 19:35:37,46.6166,10.7002,72.48,74,5,1.9
366,Madaoua,NE,2022-08-09 19:35:37,14.073,5.96,87.58,44,13,2.55
367,Rayong,TH,2022-08-09 19:35:38,12.8333,101.4333,81.28,99,100,4.7
368,Ilulissat,GL,2022-08-09 19:35:38,69.2167,-51.1,41.02,93,75,9.22
369,Vestmanna,FO,2022-08-09 19:35:38,62.1564,-7.1664,52.72,100,100,1.14
370,Hualmay,PE,2022-08-09 19:35:38,-11.0964,-77.6139,65.89,70,12,8.05
371,Manresa,ES,2022-08-09 19:35:39,41.725,1.8266,83.32,55,93,1.01
372,Orsha,BY,2022-08-09 19:35:39,54.5153,30.4053,58.19,80,64,5.37
373,Fort Nelson,CA,2022-08-09 19:35:39,58.8053,-122.7002,67.59,52,20,3.44
374,Yarim,YE,2022-08-09 19:35:40,14.298,44.3779,60.58,77,80,3.47
375,Agadez,NE,2022-08-09 19:35:40,19.75,10.25,96.4,21,100,7.56
376,Joetsu,JP,2022-08-09 19:35:40,37.1483,138.2364,76.1,91,53,8.19
377,Jibuti,DJ,2022-08-09 19:35:41,11.5,42.5,81.01,59,100,3.85
378,Tielt,BE,2022-08-09 19:35:41,51.0037,3.3672,71.69,73,44,7.0
379,Marawi,PH,2022-08-09 19:35:41,7.9986,124.2928,68.56,93,100,1.05
380,Acari,PE,2022-08-09 19:35:42,-15.4311,-74.6158,70.39,62,63,6.62
381,Opoczno,PL,2022-08-09 19:35:42,51.3757,20.2783,65.91,67,90,5.46
382,Te Anau,NZ,2022-08-09 19:35:42,-45.4167,167.7167,25.65,91,32,0.4
383,Andenes,NO,2022-08-09 19:35:42,69.3143,16.1194,53.92,82,75,3.44
384,Omutninsk,RU,2022-08-09 19:35:43,58.67,52.1932,62.53,95,100,1.1
385,Wilmington Island,US,2022-08-09 19:35:43,32.0036,-80.9737,90.99,65,100,8.05
386,Bosaso,SO,2022-08-09 19:35:43,11.2842,49.1816,89.6,51,60,6.22
387,Menongue,AO,2022-08-09 19:35:44,-14.6585,17.691,59.58,20,0,3.94
388,Nelson Bay,AU,2022-08-09 19:35:44,-32.7167,152.15,52.0,96,76,11.41
389,Manakara,MG,2022-08-09 19:35:44,-22.1333,48.0167,65.37,89,42,2.44
390,Sao Jose Da Coroa Grande,BR,2022-08-09 19:35:45,-8.8978,-35.1478,76.03,75,5,6.64
391,Pangnirtung,CA,2022-08-09 19:35:45,66.1451,-65.7125,48.2,76,75,12.66
392,Brenham,US,2022-08-09 19:35:45,30.1669,-96.3977,100.06,42,75,8.05
393,Trelew,AR,2022-08-09 19:35:46,-43.249,-65.3051,57.54,30,69,6.67
394,Trofors,NO,2022-08-09 19:35:46,65.5333,13.4063,55.27,93,100,6.51
395,Belle Glade,US,2022-08-09 19:35:46,26.6845,-80.6676,93.02,56,100,13.09
396,Tual,ID,2022-08-09 19:35:47,-5.6667,132.75,79.68,80,100,16.6
397,Oxelosund,SE,2022-08-09 19:35:47,58.6706,17.1015,64.78,59,0,5.75
398,Ostrovnoy,RU,2022-08-09 19:35:47,68.0531,39.5131,55.09,70,100,15.17
399,Bac Lieu,VN,2022-08-09 19:35:48,9.285,105.7244,77.74,86,99,8.46
400,Yendi,GH,2022-08-09 19:35:48,9.4427,-0.0099,76.33,85,100,4.97
401,Ayan,RU,2022-08-09 19:35:48,56.45,138.1667,54.77,94,100,7.11
402,Meulaboh,ID,2022-08-09 19:35:49,4.1363,96.1285,76.1,89,91,3.44
403,Aykhal,RU,2022-08-09 19:35:49,66.0,111.5,57.06,76,100,5.84
404,Bilma,NE,2022-08-09 19:35:49,18.6853,12.9164,97.59,25,1,9.66
405,Cidreira,BR,2022-08-09 19:35:50,-30.1811,-50.2056,56.41,87,100,19.95
406,Natchitoches,US,2022-08-09 19:35:50,31.7668,-93.1335,97.65,55,0,3.44
407,Puerto Maldonado,PE,2022-08-09 19:35:50,-12.6,-69.1833,70.2,83,100,9.22
408,Denpasar,ID,2022-08-09 19:33:32,-8.65,115.2167,76.71,100,75,4.61
409,Egvekinot,RU,2022-08-09 19:35:51,66.3167,-179.1667,46.72,56,100,4.94
410,Sulangan,PH,2022-08-09 19:35:51,11.1373,123.7228,80.46,80,100,7.96
411,Hasaki,JP,2022-08-09 19:35:51,35.7333,140.8333,81.28,88,98,21.07
412,Sitka,US,2022-08-09 19:35:51,57.0531,-135.33,58.89,67,75,9.22
413,Mmabatho,ZA,2022-08-09 19:35:52,-25.85,25.6333,55.36,41,0,4.61
414,Jingcheng,CN,2022-08-09 19:36:52,32.0142,120.2625,82.35,75,100,4.74
415,Normandin,CA,2022-08-09 19:36:52,48.8333,-72.5321,69.93,56,8,5.75
416,Licheng,CN,2022-08-09 19:36:53,23.2955,113.8284,76.21,95,100,8.37
417,Alofi,NU,2022-08-09 19:36:53,-19.0595,-169.9187,73.29,94,7,6.91
418,Dongsheng,CN,2022-08-09 19:36:53,39.8161,109.9776,62.67,85,19,6.76
419,Douentza,ML,2022-08-09 19:36:54,14.9951,-2.9517,76.66,83,100,9.37
420,Bonfim,BR,2022-08-09 19:36:54,3.0833,-59.95,88.07,59,100,5.48
421,San Pedro,PH,2022-08-09 19:36:54,14.35,121.0167,79.36,88,40,2.3
422,Necochea,AR,2022-08-09 19:34:02,-38.5473,-58.7368,53.13,57,6,2.89
423,Springfield,US,2022-08-09 19:32:04,37.2153,-93.2982,83.03,78,89,7.65
424,Hobyo,SO,2022-08-09 19:36:55,5.3505,48.5268,77.11,83,100,28.36
425,Hervey Bay,AU,2022-08-09 19:36:55,-25.2986,152.8535,54.7,81,1,10.94
426,Ife,NG,2022-08-09 19:36:56,7.4667,4.5667,71.62,96,93,3.15
427,Marzuq,YE,2022-08-09 19:36:56,14.4,46.4667,80.24,64,97,5.7
428,Nyurba,RU,2022-08-09 19:36:56,63.2842,118.3319,50.54,96,88,3.09
429,Yairipok,IN,2022-08-09 19:36:56,24.6667,94.0667,69.4,97,100,1.5
430,Manta,EC,2022-08-09 19:36:57,-0.95,-80.7333,82.18,65,40,10.36
431,Xuddur,SO,2022-08-09 19:36:57,4.1213,43.8894,73.67,68,100,21.27
432,Hirtshals,DK,2022-08-09 19:36:57,57.5881,9.9592,60.21,87,100,13.04
433,Fairbanks,US,2022-08-09 19:36:58,64.8378,-147.7164,46.22,88,75,4.61
434,Waipawa,NZ,2022-08-09 19:36:58,-41.4122,175.5153,41.11,78,99,9.55
435,Victoria Point,AU,2022-08-09 19:36:59,-27.5833,153.3,53.35,86,8,8.01
436,Luderitz,NA,2022-08-09 19:36:59,-26.6481,15.1594,56.3,87,0,8.52
437,Roma,US,2022-08-09 19:36:59,43.2128,-75.4557,74.73,76,100,13.8
438,Tautira,PF,2022-08-09 19:37:00,-17.7333,-149.15,75.04,67,100,5.01
439,Banos,EC,2022-08-09 19:37:00,-1.4,-78.4167,70.81,74,88,5.97
440,Kawalu,ID,2022-08-09 19:37:00,-7.3817,108.2082,71.42,97,100,1.07
441,Saint-Philippe,RE,2022-08-09 19:37:01,-21.3585,55.7679,67.59,71,50,16.71
442,Bhuvanagiri,IN,2022-08-09 19:36:57,11.4667,79.6333,81.28,64,100,10.85
443,Santo Antonio Do Sudoeste,BR,2022-08-09 19:37:01,-26.0736,-53.7253,52.93,97,100,7.87
444,Kilosa,TZ,2022-08-09 19:37:02,-6.8333,36.9833,65.7,67,86,2.59
445,Doha,QA,2022-08-09 19:33:21,25.2867,51.5333,97.11,67,24,3.44
446,Saint-Leu,RE,2022-08-09 19:37:02,-21.15,55.2833,67.06,69,15,15.52
447,Sidi Ali,DZ,2022-08-09 19:37:02,36.0998,0.4206,84.92,46,2,9.71
448,Harper,LR,2022-08-09 19:37:03,4.375,-7.7169,75.54,75,98,10.04
449,Beringovskiy,RU,2022-08-09 19:37:03,63.05,179.3167,52.18,70,99,11.95
450,Tucumcari,US,2022-08-09 19:37:04,35.1717,-103.725,90.63,28,42,8.5
451,Mayumba,GA,2022-08-09 19:37:04,-3.432,10.6554,69.64,88,4,5.84
452,Port Hawkesbury,CA,2022-08-09 19:37:04,45.6169,-61.3485,70.18,99,100,2.3
453,Maple Creek,CA,2022-08-09 19:37:05,49.9168,-109.4848,79.21,25,0,5.75
454,Camopi,GF,2022-08-09 19:37:05,3.1655,-52.3158,84.96,61,83,3.09
455,Tyumentsevo,RU,2022-08-09 19:37:05,53.3224,81.498,61.23,89,100,9.42
456,Sept-Iles,CA,2022-08-09 19:36:02,50.2001,-66.3821,68.52,56,20,9.22
457,Falmouth,GB,2022-08-09 19:37:06,50.1544,-5.0711,68.9,73,0,4.61
458,Makakilo City,US,2022-08-09 19:37:06,21.3469,-158.0858,82.15,65,40,17.27
459,Loikaw,MM,2022-08-09 19:38:07,19.6742,97.2094,67.35,95,100,2.1
460,Jacqueville,CI,2022-08-09 19:38:07,5.2052,-4.4146,76.06,84,86,13.67
461,Olavarria,AR,2022-08-09 19:38:07,-36.8927,-60.3225,55.02,52,5,6.6
462,Palmeiras De Goias,BR,2022-08-09 19:38:08,-16.805,-49.9258,88.5,26,96,6.58
463,Sungairaya,ID,2022-08-09 19:38:08,0.7,108.9,78.4,81,95,4.38
464,Bathsheba,BB,2022-08-09 19:38:08,13.2167,-59.5167,88.41,70,40,17.27
465,Bozoum,CF,2022-08-09 19:38:09,6.3193,16.3799,69.91,94,100,3.29
466,Airai,TL,2022-08-09 19:38:09,-8.9266,125.4092,56.07,85,11,3.11
467,Mala,PE,2022-08-09 19:38:09,-12.6581,-76.6308,66.24,72,10,7.7
468,Yulara,AU,2022-08-09 19:38:10,-25.2406,130.9889,61.18,76,100,3.2
469,Rostovka,RU,2022-08-09 19:38:10,55.3842,71.8891,60.4,81,37,7.36
470,Ballina,AU,2022-08-09 19:38:10,-28.8667,153.5667,51.01,83,79,10.96
471,Natal,BR,2022-08-09 19:33:31,-5.795,-35.2094,84.42,65,75,17.27
472,Xacmaz,AZ,2022-08-09 19:38:11,41.4635,48.806,73.09,56,3,6.67
473,Tyukalinsk,RU,2022-08-09 19:38:11,55.8732,72.1967,60.85,78,93,7.4
474,Bolitoc,PH,2022-08-09 19:38:11,15.7395,119.8769,78.06,88,100,10.22
475,Naryan-Mar,RU,2022-08-09 19:38:12,67.6713,53.087,46.38,84,17,4.79
476,Namatanai,PG,2022-08-09 19:38:12,-3.6667,152.4333,78.15,84,100,3.53
477,Hardenberg,NL,2022-08-09 19:38:16,52.5758,6.6194,74.05,67,25,3.0
478,Itaituba,BR,2022-08-09 19:38:16,-4.2761,-55.9836,95.16,52,20,5.75
479,Monroe,US,2022-08-09 19:37:17,43.1501,-77.6831,74.48,73,75,9.22
480,Barreiras,BR,2022-08-09 19:38:17,-12.1528,-44.99,93.87,14,83,7.36
481,Herat,AF,2022-08-09 19:38:17,34.5,62.0,77.88,22,0,25.28
482,Mukhen,RU,2022-08-09 19:38:17,48.1,136.1,56.01,95,59,6.78
483,Rio Gallegos,AR,2022-08-09 19:38:18,-51.6226,-69.2181,46.45,76,0,4.61
484,Smirnykh,RU,2022-08-09 19:38:18,49.75,142.8333,56.08,86,6,1.01
485,Ituiutaba,BR,2022-08-09 19:38:18,-18.9689,-49.465,76.57,48,100,7.36
486,Casablanca,MA,2022-08-09 19:38:05,33.5928,-7.6192,75.42,69,75,6.91
487,Porto Novo,BJ,2022-08-09 19:38:19,6.4965,2.6036,76.82,83,58,8.16
488,Bela,IN,2022-08-09 19:38:19,25.9333,81.9833,84.99,66,0,14.36
489,Hay River,CA,2022-08-09 19:38:00,60.8156,-115.7999,71.58,43,75,13.8
490,Wilson,US,2022-08-09 19:38:20,36.1501,-86.2833,93.78,61,20,6.91
491,Gallipoli,TR,2022-08-09 19:38:20,40.4103,26.6708,80.46,59,0,8.97
492,Zaykovo,RU,2022-08-09 19:38:20,57.5613,62.7568,64.17,81,38,1.74
493,Oranjemund,NA,2022-08-09 19:38:21,-28.55,16.4333,54.23,97,35,4.29
494,Pahrump,US,2022-08-09 19:37:23,36.2083,-115.9839,98.44,27,21,5.01
495,Alamos,MX,2022-08-09 19:38:21,27.0167,-108.9333,90.03,57,92,7.36
496,North Bay,CA,2022-08-09 19:35:24,46.3168,-79.4663,73.18,56,40,0.0
497,Pemberton,CA,2022-08-09 19:34:13,50.3164,-122.8027,93.2,28,16,0.96
498,Tsumeb,NA,2022-08-09 19:38:22,-19.2333,17.7167,71.46,17,0,7.45
499,Kayes,ML,2022-08-09 19:38:22,14.0,-11.0,82.8,73,29,7.76
500,Celestun,MX,2022-08-09 19:38:22,20.8667,-90.4,85.87,64,25,14.7
501,Damavand,IR,2022-08-09 19:38:23,35.7178,52.065,70.05,61,0,6.76
502,Puerto Ayacucho,VE,2022-08-09 19:38:23,5.6639,-67.6236,87.58,63,94,5.61
503,Annau,TM,2022-08-09 19:38:23,37.8876,58.516,83.7,28,75,6.91
504,Mecca,SA,2022-08-09 19:38:24,21.4267,39.8261,93.13,49,68,4.94
505,Asosa,ET,2022-08-09 19:38:24,10.0667,34.5333,61.65,95,100,1.32
506,Gizo,SB,2022-08-09 19:38:24,-8.103,156.8419,81.23,76,91,5.06
507,Santa Lucia,ES,2022-08-09 19:39:25,27.9117,-15.5407,68.76,69,20,27.63
508,Zhigansk,RU,2022-08-09 19:39:25,66.7697,123.3711,51.39,81,5,8.72
509,Durango,MX,2022-08-09 19:38:52,24.8333,-104.8333,80.42,31,49,12.06
510,Kavaratti,IN,2022-08-09 19:39:25,10.5669,72.642,80.76,82,78,20.8
511,Muravlenko,RU,2022-08-09 19:39:26,63.7898,74.523,57.52,61,75,6.87
512,Ishigaki,JP,2022-08-09 19:39:26,24.3448,124.1572,80.73,94,20,2.3
513,Teahupoo,PF,2022-08-09 19:39:26,-17.8333,-149.2667,71.56,67,100,5.32
514,Puerto Narino,CO,2022-08-09 19:39:27,-3.7703,-70.3831,83.95,66,94,2.71
515,Mancheral,IN,2022-08-09 19:39:27,18.8667,79.4333,74.55,90,100,13.47
516,Youkounkoun,GN,2022-08-09 19:39:27,12.5333,-13.1333,78.28,88,92,3.6
517,Basco,PH,2022-08-09 19:39:28,20.4487,121.9702,83.53,75,100,6.2
518,Les Cayes,HT,2022-08-09 19:39:28,18.2,-73.75,86.92,65,18,12.5
519,Kloulklubed,PW,2022-08-09 19:39:28,7.0419,134.2556,81.1,71,15,10.67
520,Kudahuvadhoo,MV,2022-08-09 19:39:29,2.6708,72.8944,81.34,79,84,8.21
521,Kigoma,TZ,2022-08-09 19:39:29,-4.8769,29.6267,75.24,60,98,3.53
522,Kirakira,SB,2022-08-09 19:39:29,-10.4544,161.9205,78.75,82,90,3.29
523,Mantua,IT,2022-08-09 19:39:29,45.1667,10.7833,85.15,59,0,1.01
524,Rosarito,MX,2022-08-09 19:39:30,32.3333,-117.0333,95.63,65,24,6.64
525,Yzeure,FR,2022-08-09 19:39:30,46.5644,3.355,73.22,34,0,4.12
526,Las Cruces,US,2022-08-09 19:38:18,32.3123,-106.7783,94.35,36,0,15.99
527,Kamaishi,JP,2022-08-09 19:39:30,39.2667,141.8833,75.99,82,46,7.94
528,Progreso,MX,2022-08-09 19:39:31,21.2833,-89.6667,92.1,66,14,13.69
529,Afua,BR,2022-08-09 19:39:33,-0.1567,-50.3867,86.41,62,25,6.2
530,Katikati,NZ,2022-08-09 19:39:33,-37.55,175.9167,51.01,85,75,7.56
531,Van,TR,2022-08-09 19:39:34,38.4924,43.3831,65.55,42,0,3.44
532,Lokhvytsya,UA,2022-08-09 19:39:34,50.3678,33.2602,65.91,79,39,8.86
533,Jinxiang,CN,2022-08-09 19:39:34,27.4327,120.6062,79.65,86,54,1.92
534,Puli,TW,2022-08-09 19:39:34,23.9664,120.9695,74.01,87,1,4.45
535,Ferme-Neuve,CA,2022-08-09 19:39:35,46.7001,-75.4493,70.81,53,83,4.65
536,Zyryanovsk,KZ,2022-08-09 19:39:35,49.7386,84.2719,58.62,77,89,1.88
537,Santa Maria,BR,2022-08-09 19:39:18,-29.6842,-53.8069,54.7,82,100,10.36
538,Dakar,SN,2022-08-09 19:39:36,14.6937,-17.4441,85.08,79,20,9.22
539,Nagato,JP,2022-08-09 19:39:36,34.3833,131.2,78.55,88,66,6.69
540,Gimli,CA,2022-08-09 19:39:36,50.6336,-96.9907,74.41,44,0,15.93
541,Roebourne,AU,2022-08-09 19:39:36,-20.7833,117.1333,64.38,35,61,13.11
542,Senneterre,CA,2022-08-09 19:39:37,48.3835,-77.2328,73.71,43,0,3.44
543,Olenino,RU,2022-08-09 19:39:37,56.2092,33.4889,59.7,70,100,4.74
544,Pontes E Lacerda,BR,2022-08-09 19:39:37,-15.2261,-59.3353,62.11,91,100,6.08
545,Port Shepstone,ZA,2022-08-09 19:39:38,-30.7414,30.455,64.15,86,1,10.83
546,Katobu,ID,2022-08-09 19:39:38,-4.9408,122.5276,74.03,93,93,3.89
547,Shelburne,CA,2022-08-09 19:36:56,44.0787,-80.2041,67.23,67,90,6.78
548,Great Falls,US,2022-08-09 19:39:38,47.5002,-111.3008,78.6,36,0,6.91
549,Ruidoso,US,2022-08-09 19:39:39,33.3317,-105.673,76.05,53,96,2.35
550,Rudbar,AF,2022-08-09 19:39:39,30.15,62.6,93.56,15,31,15.95
551,Oron,NG,2022-08-09 19:39:39,4.8256,8.2343,74.8,94,87,4.52
552,Tawang,IN,2022-08-09 19:39:40,27.5833,91.8667,57.99,93,100,1.19
553,Batagay,RU,2022-08-09 19:40:40,67.6333,134.6333,55.11,84,0,2.89
554,Ajdabiya,LY,2022-08-09 19:40:40,30.7554,20.2263,80.8,74,0,11.63
555,Vostok,RU,2022-08-09 19:40:41,46.4856,135.8833,52.29,94,6,6.24
