,City,Lat,Lng,Max Temp,Humidity,Cloudiness,Wind Speed,Country,Date
0,Hilo,19.7297,-155.09,82.27,79,75,8.05,US,2022-08-05 17:05:39
1,Kungurtug,50.5994,97.5228,48.25,63,85,2.33,RU,2022-08-05 17:07:04
2,Vardo,70.3705,31.1107,62.58,88,75,12.66,NO,2022-08-05 17:07:04
3,Bathsheba,13.2167,-59.5167,88.41,80,20,21.85,BB,2022-08-05 17:07:05
4,Ushuaia,-54.8,-68.3,40.66,81,75,12.66,AR,2022-08-05 17:07:05
5,Butaritari,3.0707,172.7902,81.81,75,27,13.76,KI,2022-08-05 17:07:05
6,Natal,-5.795,-35.2094,84.85,58,75,11.5,BR,2022-08-05 17:04:19
7,Oranjemund,-28.55,16.4333,56.23,77,100,7.29,NA,2022-08-05 17:07:06
8,Kalaikunda,22.35,87.25,82.56,87,74,6.02,IN,2022-08-05 17:07:06
9,High Level,58.5169,-117.136,68.54,37,29,4.29,CA,2022-08-05 17:07:06
10,Beisfjord,68.3751,17.5988,57.25,77,88,2.77,NO,2022-08-05 17:07:07
11,Vestmannaeyjar,63.4427,-20.2734,52.27,91,100,15.08,IS,2022-08-05 17:03:13
12,Rikitea,-23.1203,-134.9692,70.88,63,74,21.34,PF,2022-08-05 17:07:08
13,San Policarpo,12.1791,125.5072,78.1,89,100,10.76,PH,2022-08-05 17:07:08
14,Cape Town,-33.9258,18.4232,59.34,82,30,3.0,ZA,2022-08-05 17:02:51
15,Punta Arenas,-53.15,-70.9167,42.91,61,75,4.61,CL,2022-08-05 17:07:08
16,Hermanus,-34.4187,19.2345,54.81,77,18,7.76,ZA,2022-08-05 17:07:09
17,Puerto Ayora,-0.7393,-90.3518,78.76,83,36,5.99,EC,2022-08-05 17:07:09
18,Acajutla,13.5928,-89.8275,84.61,64,88,5.14,SV,2022-08-05 17:07:09
19,Bredasdorp,-34.5322,20.0403,53.91,74,40,8.72,ZA,2022-08-05 17:07:10
20,Toamasina,-18.1667,49.3833,67.55,83,3,1.16,MG,2022-08-05 17:07:10
21,Kaitangata,-46.2817,169.8464,48.43,88,100,3.62,NZ,2022-08-05 17:07:11
22,Arroio Grande,-32.2375,-53.0869,55.69,61,42,8.28,BR,2022-08-05 17:07:11
23,Chifeng,42.2683,118.9636,75.49,56,87,1.9,CN,2022-08-05 17:07:11
24,Saint-Philippe,-21.3585,55.7679,69.39,75,44,13.33,RE,2022-08-05 17:07:12
25,Chuy,-33.6971,-53.4616,55.22,65,8,6.96,UY,2022-08-05 17:07:12
26,Tokur,53.1333,132.9,55.58,94,100,4.36,RU,2022-08-05 17:07:12
27,Port Alfred,-33.5906,26.891,58.17,88,22,1.01,ZA,2022-08-05 17:07:13
28,Auki,-8.7676,160.7034,76.14,88,31,3.36,SB,2022-08-05 17:07:13
29,Uran,18.8769,72.9397,80.56,85,100,9.71,IN,2022-08-05 17:07:13
30,Ayan,56.45,138.1667,55.02,99,100,15.17,RU,2022-08-05 17:07:14
31,Nantucket,41.2835,-70.0995,84.34,85,20,12.66,US,2022-08-05 17:06:23
32,Khovu-Aksy,51.1333,93.6,47.05,69,80,2.66,RU,2022-08-05 17:07:14
33,New Norfolk,-42.7826,147.0587,47.7,73,92,1.01,AU,2022-08-05 17:07:15
34,Bluff,-46.6,168.3333,49.68,87,81,8.57,NZ,2022-08-05 17:07:15
35,Saskylakh,71.9167,114.0833,48.83,87,21,1.9,RU,2022-08-05 17:07:16
36,Torbay,47.6666,-52.7314,86.88,64,37,1.01,CA,2022-08-05 17:07:16
37,Karratha,-20.7377,116.8463,64.54,52,0,7.92,AU,2022-08-05 17:07:16
38,Qaanaaq,77.484,-69.3632,43.0,59,14,0.81,GL,2022-08-05 17:07:17
39,Namatanai,-3.6667,152.4333,77.99,80,100,4.5,PG,2022-08-05 17:07:17
40,Tuktoyaktuk,69.4541,-133.0374,61.68,58,47,17.13,CA,2022-08-05 17:07:17
41,Moindou,-21.6924,165.677,70.75,88,6,3.58,NC,2022-08-05 17:07:18
42,Avarua,-21.2078,-159.775,71.65,78,75,10.36,CK,2022-08-05 17:07:18
43,Carballo,43.213,-8.691,79.75,75,89,13.98,ES,2022-08-05 17:07:18
44,Marang,5.2056,103.2059,76.89,90,100,5.64,MY,2022-08-05 17:05:40
45,Meulaboh,4.1363,96.1285,76.14,87,99,4.12,ID,2022-08-05 17:08:19
46,Vila Velha,-20.3297,-40.2925,89.55,52,0,13.8,BR,2022-08-05 17:04:13
47,Einbeck,51.8167,9.8667,71.38,65,99,1.01,DE,2022-08-05 17:08:19
48,Half Moon Bay,37.4636,-122.4286,75.88,72,100,10.36,US,2022-08-05 17:08:19
49,Severo-Kurilsk,50.6789,156.125,53.17,89,100,5.01,RU,2022-08-05 17:08:20
50,Bridgton,44.0548,-70.7128,86.81,75,100,1.36,US,2022-08-05 17:08:20
51,Vaini,-21.2,-175.2,75.36,94,100,4.61,TO,2022-08-05 17:08:21
52,Geraldton,-28.7667,114.6,46.81,93,35,8.05,AU,2022-08-05 17:08:21
53,Airai,-8.9266,125.4092,56.53,92,94,2.46,TL,2022-08-05 17:08:21
54,Cabo San Lucas,22.8909,-109.9124,96.1,53,20,9.22,MX,2022-08-05 17:06:02
55,Carauari,-4.8828,-66.8958,84.13,73,100,2.91,BR,2022-08-05 17:08:22
56,Mataura,-46.1927,168.8643,45.3,93,97,3.22,NZ,2022-08-05 17:08:22
57,Coihaique,-45.5752,-72.0662,37.35,70,20,5.75,CL,2022-08-05 17:08:22
58,Mar Del Plata,-38.0023,-57.5575,57.09,67,40,9.22,AR,2022-08-05 17:08:23
59,Mercedes,-34.6515,-59.4307,62.85,34,0,4.63,AR,2022-08-05 17:08:23
60,Luderitz,-26.6481,15.1594,61.95,67,94,9.93,NA,2022-08-05 17:08:23
61,Ribeira Grande,38.5167,-28.7,79.2,73,20,5.75,PT,2022-08-05 17:08:24
62,Trincomalee,8.5711,81.2335,80.92,74,100,23.89,LK,2022-08-05 17:08:24
63,Tukrah,32.5341,20.5791,81.64,69,0,10.92,LY,2022-08-05 17:08:24
64,Aksarka,66.5606,67.7975,59.47,79,89,9.53,RU,2022-08-05 17:08:25
65,Tasiilaq,65.6145,-37.6368,51.96,75,16,4.23,GL,2022-08-05 17:08:25
66,Albany,42.6001,-73.9662,87.17,73,100,1.01,US,2022-08-05 17:05:43
67,Ponta Do Sol,32.6667,-17.1,82.71,71,0,4.81,PT,2022-08-05 17:08:25
68,Hirara,24.8,125.2833,84.52,72,8,9.01,JP,2022-08-05 17:08:26
69,Thessalon,46.2501,-83.5666,71.89,85,6,8.97,CA,2022-08-05 17:08:26
70,Bethel,41.3712,-73.414,91.36,63,0,4.61,US,2022-08-05 17:06:06
71,Saint-Augustin,51.226,-58.6502,73.31,53,94,8.86,CA,2022-08-05 17:08:26
72,Mahebourg,-20.4081,57.7,70.25,67,5,14.43,MU,2022-08-05 17:08:27
73,Noumea,-22.2763,166.4572,73.99,99,11,6.4,NC,2022-08-05 17:08:27
74,Kahului,20.8947,-156.47,78.84,73,0,5.75,US,2022-08-05 17:06:17
75,Kapaa,22.0752,-159.319,73.72,94,40,4.61,US,2022-08-05 17:08:28
76,Bull Savanna,17.8868,-77.5902,86.9,57,81,11.36,JM,2022-08-05 17:08:28
77,Iskateley,67.6803,53.1512,63.95,79,99,8.43,RU,2022-08-05 17:08:28
78,Pau Brasil,-15.4642,-39.6511,86.72,39,52,3.53,BR,2022-08-05 17:08:29
79,Olavarria,-36.8927,-60.3225,58.01,43,32,10.4,AR,2022-08-05 17:08:29
80,Mosquera,4.7059,-74.2302,66.29,55,75,11.5,CO,2022-08-05 17:05:39
81,San Rafael,-34.6177,-68.3301,60.49,40,0,5.91,AR,2022-08-05 17:03:54
82,Camapua,-19.5314,-54.0439,93.78,18,1,6.69,BR,2022-08-05 17:08:29
83,Fortuna,40.5982,-124.1573,70.93,78,20,8.05,US,2022-08-05 17:08:30
84,Northam,51.0333,-4.2167,66.38,70,1,13.71,GB,2022-08-05 17:08:30
85,San Miguel De Cauri,-10.1,-76.5833,54.86,51,100,6.24,PE,2022-08-05 17:08:30
86,Cheremnoye,53.1697,83.2133,64.99,59,1,6.96,RU,2022-08-05 17:08:31
87,Victoria,22.2855,114.1577,81.32,92,84,5.01,HK,2022-08-05 17:08:24
88,Aykhal,66.0,111.5,49.42,81,100,17.76,RU,2022-08-05 17:08:31
89,Shumskiy,54.8318,99.1328,48.63,78,93,11.45,RU,2022-08-05 17:08:32
90,Yellowknife,62.456,-114.3525,60.33,56,67,1.74,CA,2022-08-05 17:06:31
91,Yevsino,54.4172,83.3222,58.21,60,22,4.43,RU,2022-08-05 17:09:32
92,Makakilo City,21.3469,-158.0858,71.92,84,0,3.44,US,2022-08-05 17:09:32
93,Trelew,-43.249,-65.3051,47.25,54,15,19.06,AR,2022-08-05 17:09:33
94,Chokurdakh,70.6333,147.9167,38.52,90,66,6.78,RU,2022-08-05 17:09:33
95,Palmetto,27.5214,-82.5723,94.24,57,20,9.22,US,2022-08-05 17:09:33
96,Salalah,17.0151,54.0924,78.89,94,100,4.61,OM,2022-08-05 17:09:34
97,Bushehr,28.9684,50.8385,93.61,68,3,9.1,IR,2022-08-05 17:09:34
98,Atuona,-9.8,-139.0333,76.57,72,67,15.93,PF,2022-08-05 17:09:34
99,Ostrovnoy,68.0531,39.5131,66.58,74,96,11.32,RU,2022-08-05 17:09:34
100,Cidreira,-30.1811,-50.2056,56.91,75,94,14.79,BR,2022-08-05 17:09:35
101,Pevek,69.7008,170.3133,34.48,98,100,2.77,RU,2022-08-05 17:09:35
102,Iquique,-20.2208,-70.1431,59.04,66,61,4.68,CL,2022-08-05 17:09:35
103,Grindavik,63.8424,-22.4338,55.87,82,75,19.57,IS,2022-08-05 17:09:36
104,Naifaru,5.4444,73.3657,81.0,81,99,16.22,MV,2022-08-05 17:09:36
105,Ponta Delgada,37.7333,-25.6667,77.72,83,20,6.91,PT,2022-08-05 17:09:36
106,Busselton,-33.65,115.3333,52.59,78,96,0.51,AU,2022-08-05 17:09:37
107,Ahipara,-35.1667,173.1667,50.59,91,67,3.83,NZ,2022-08-05 17:09:37
108,Upernavik,72.7868,-56.1549,42.58,92,100,9.17,GL,2022-08-05 17:09:37
109,Riyadh,24.6877,46.7219,100.54,15,76,6.8,SA,2022-08-05 17:05:09
110,Vao,-22.6667,167.4833,70.74,80,100,8.16,NC,2022-08-05 17:09:38
111,Bennettsville,34.6174,-79.6848,93.2,56,0,0.0,US,2022-08-05 17:09:38
112,Pasni,25.2631,63.471,81.07,87,77,10.38,PK,2022-08-05 17:09:38
113,Kudahuvadhoo,2.6708,72.8944,81.75,76,100,16.49,MV,2022-08-05 17:09:39
114,Bakel,14.905,-12.4568,93.76,44,69,6.62,SN,2022-08-05 17:09:39
115,Kropotkin,45.4375,40.5756,73.44,63,69,4.43,RU,2022-08-05 17:09:39
116,Norman Wells,65.282,-126.8329,69.67,51,3,8.55,CA,2022-08-05 17:09:40
117,Kodiak,57.79,-152.4072,54.91,94,100,0.0,US,2022-08-05 17:09:40
118,Caravelas,-17.7125,-39.2481,79.79,58,97,10.02,BR,2022-08-05 17:09:40
119,Koslan,63.4564,48.8989,72.9,58,94,5.73,RU,2022-08-05 17:09:41
120,Jamestown,42.097,-79.2353,85.95,57,20,6.91,US,2022-08-05 17:06:36
121,Nikolskoye,59.7035,30.7861,80.49,61,5,5.73,RU,2022-08-05 17:09:41
122,Buraydah,26.326,43.975,108.01,10,31,9.33,SA,2022-08-05 17:09:41
123,Quatre Cocos,-20.2078,57.7625,70.09,67,11,14.0,MU,2022-08-05 17:09:41
124,Sur,22.5667,59.5289,85.42,66,88,9.53,OM,2022-08-05 17:09:42
125,Vacaria,-28.5122,-50.9339,55.85,67,71,6.98,BR,2022-08-05 17:07:55
126,Barrow,71.2906,-156.7887,48.45,90,81,12.17,US,2022-08-05 17:09:42
127,San Quintin,30.4833,-115.95,73.98,77,16,12.41,MX,2022-08-05 17:09:42
128,Georgetown,5.4112,100.3354,82.89,84,20,0.0,MY,2022-08-05 17:06:53
129,Voh,-20.9667,164.7,69.42,94,6,4.23,NC,2022-08-05 17:09:43
130,Takoradi,4.8845,-1.7554,76.46,71,25,9.8,GH,2022-08-05 17:09:43
131,Talnakh,69.4865,88.3972,57.36,88,82,2.59,RU,2022-08-05 17:09:43
132,Muriti,-1.9833,32.9167,73.71,64,33,10.22,TZ,2022-08-05 17:09:44
133,Hobart,-42.8794,147.3294,48.06,93,100,12.66,AU,2022-08-05 17:09:44
134,Weiser,44.251,-116.9693,85.32,27,99,1.99,US,2022-08-05 17:09:45
135,Hasaki,35.7333,140.8333,72.28,75,100,9.64,JP,2022-08-05 17:09:45
136,Ishigaki,24.3448,124.1572,84.67,75,7,10.33,JP,2022-08-05 17:09:45
137,Waipawa,-41.4122,175.5153,50.94,75,100,10.85,NZ,2022-08-05 17:10:46
138,Tuatapere,-46.1333,167.6833,46.33,93,78,5.64,NZ,2022-08-05 17:10:46
139,Rosario Do Sul,-30.2583,-54.9142,56.86,59,0,7.2,BR,2022-08-05 17:10:46
140,Valparaiso,-33.0393,-71.6273,64.63,44,0,14.97,CL,2022-08-05 17:10:46
141,Souillac,-20.5167,57.5167,69.67,69,3,13.11,MU,2022-08-05 17:10:47
142,Kachiry,53.0675,76.1036,65.3,49,0,7.85,KZ,2022-08-05 17:10:47
143,Lavrentiya,65.5833,-171.0,38.61,92,100,11.14,RU,2022-08-05 17:10:47
144,Les Cayes,18.2,-73.75,89.58,55,85,10.98,HT,2022-08-05 17:10:48
145,Pisco,-13.7,-76.2167,62.65,82,75,6.91,PE,2022-08-05 17:07:45
146,Kruisfontein,-34.0033,24.7314,55.63,83,67,11.32,ZA,2022-08-05 17:10:48
147,Lerwick,60.1545,-1.1494,53.6,81,100,17.02,GB,2022-08-05 17:06:02
148,Conde,-7.2597,-34.9075,81.86,61,40,16.11,BR,2022-08-05 17:10:49
149,Fort Nelson,58.8053,-122.7002,66.63,46,33,4.29,CA,2022-08-05 17:10:49
150,Te Anau,-45.4167,167.7167,46.22,93,87,4.81,NZ,2022-08-05 17:06:34
151,Mashpee,41.6484,-70.4811,93.92,59,0,13.8,US,2022-08-05 17:10:49
152,Faanui,-16.4833,-151.75,77.83,76,53,25.3,PF,2022-08-05 17:10:50
153,Alta Floresta,-9.8756,-56.0861,98.06,18,33,5.55,BR,2022-08-05 17:06:54
154,Matay,28.419,30.7792,95.68,19,9,9.71,EG,2022-08-05 17:10:50
155,Martapura,-3.4167,114.85,75.29,94,41,2.3,ID,2022-08-05 17:10:50
156,Tooele,40.5308,-112.2983,85.3,47,100,3.44,US,2022-08-05 17:09:10
157,Amapa,1.0,-52.0,83.97,68,23,4.25,BR,2022-08-05 17:10:51
158,Dikson,73.5069,80.5464,45.3,93,93,17.13,RU,2022-08-05 17:10:51
159,Hashtrud,37.4779,47.0508,82.18,28,16,4.36,IR,2022-08-05 17:10:51
160,Lamu,-2.2717,40.902,75.42,74,0,16.2,KE,2022-08-05 17:10:52
161,Elk,53.8282,22.3647,77.07,69,33,7.29,PL,2022-08-05 17:10:52
162,Bambous Virieux,-20.3428,57.7575,70.21,67,9,14.2,MU,2022-08-05 17:10:52
163,Lagoa,39.05,-27.9833,75.47,77,34,3.44,PT,2022-08-05 17:10:53
164,Toora-Khem,52.4675,96.11,43.07,79,19,3.27,RU,2022-08-05 17:10:53
165,Shimoda,34.6667,138.95,70.11,84,96,7.7,JP,2022-08-05 17:10:53
166,Yumen,40.2833,97.2,77.47,40,100,10.33,CN,2022-08-05 17:10:53
167,Komsomolskiy,40.4272,71.7189,81.72,30,75,7.02,UZ,2022-08-05 17:10:54
168,Burns Lake,54.2331,-125.7533,61.41,60,19,2.08,CA,2022-08-05 17:10:54
169,General Roca,-39.0333,-67.5833,51.62,38,100,8.81,AR,2022-08-05 17:10:54
170,Sioux Lookout,50.1001,-91.917,82.92,37,97,12.71,CA,2022-08-05 17:10:55
171,Aleksandrov Gay,50.147,48.5704,82.11,24,70,8.99,RU,2022-08-05 17:10:55
172,Voloshka,61.3314,40.0858,70.07,67,10,4.0,RU,2022-08-05 17:10:55
173,Nabire,-3.3667,135.4833,75.56,92,94,2.46,ID,2022-08-05 17:10:56
174,Syracuse,37.0881,15.2792,87.17,57,40,12.33,IT,2022-08-05 17:06:52
175,Hervey Bay,-25.2986,152.8535,66.29,93,3,8.3,AU,2022-08-05 17:10:56
176,Iwanai,42.9744,140.5089,58.68,93,100,7.63,JP,2022-08-05 17:10:56
177,Castro,-24.7911,-50.0119,66.02,67,92,6.29,BR,2022-08-05 17:08:15
178,Lata,40.1629,-8.3327,83.48,53,0,8.23,PT,2022-08-05 17:10:57
179,Santo Domingo,18.5001,-69.9886,87.48,70,40,5.75,DO,2022-08-05 17:09:54
180,Korla,41.7597,86.1469,87.51,22,68,3.33,CN,2022-08-05 17:10:57
181,Goderich,43.7501,-81.7165,77.92,64,0,2.42,CA,2022-08-05 17:10:58
182,Pali,25.7667,73.3333,82.63,80,100,5.53,IN,2022-08-05 17:06:16
183,Yarmouth,41.7057,-70.2286,91.65,81,100,13.8,US,2022-08-05 17:10:58
184,Guangyuan,32.442,105.823,77.29,92,0,1.59,CN,2022-08-05 17:10:58
185,Leningradskiy,69.3833,178.4167,34.99,97,100,15.95,RU,2022-08-05 17:11:59
186,Nelson Bay,-32.7167,152.15,60.01,86,0,7.0,AU,2022-08-05 17:11:59
187,Halifax,44.6453,-63.5724,83.52,87,100,6.91,CA,2022-08-05 17:09:14
188,Neyshabur,36.2133,58.7958,81.7,21,10,6.55,IR,2022-08-05 17:11:59
189,Aklavik,68.2191,-135.0107,68.95,47,3,14.38,CA,2022-08-05 17:12:00
190,Kuusamo,65.9667,29.1833,62.64,94,100,2.3,FI,2022-08-05 17:12:00
191,Teya,60.3778,92.6267,46.8,87,73,2.42,RU,2022-08-05 17:12:00
192,Hithadhoo,-0.6,73.0833,82.54,70,100,9.86,MV,2022-08-05 17:12:01
193,Namibe,-15.1961,12.1522,63.66,82,11,8.88,AO,2022-08-05 17:12:01
194,Santiago Del Estero,-27.7951,-64.2615,70.27,27,0,10.18,AR,2022-08-05 17:12:01
195,Pacific Grove,36.6177,-121.9166,71.28,80,40,6.91,US,2022-08-05 17:12:02
196,Chino Valley,34.7575,-112.4538,80.85,54,0,1.99,US,2022-08-05 17:10:44
197,Bandarbeyla,9.4942,50.8122,76.57,81,0,33.35,SO,2022-08-05 17:12:02
198,Lompoc,34.6391,-120.4579,69.94,81,75,3.44,US,2022-08-05 17:12:03
199,Thompson,55.7435,-97.8558,57.36,100,100,9.22,CA,2022-08-05 17:10:00
200,Longyearbyen,78.2186,15.6401,48.04,93,75,1.14,SJ,2022-08-05 17:12:04
201,Saint George,37.1041,-113.5841,86.79,55,20,5.75,US,2022-08-05 17:12:04
202,Codrington,-38.2667,141.9667,41.68,97,11,7.07,AU,2022-08-05 17:12:04
203,Khatanga,71.9667,102.5,55.69,67,0,6.89,RU,2022-08-05 17:12:05
204,Carnarvon,-24.8667,113.6333,62.53,56,0,14.61,AU,2022-08-05 17:12:05
205,Sao Joao Da Barra,-21.6403,-41.0511,89.69,59,1,12.86,BR,2022-08-05 17:12:06
206,Ebolowa,2.9,11.15,71.06,96,71,3.89,CM,2022-08-05 17:12:06
207,Gazanjyk,39.2446,55.5154,96.06,21,2,10.78,TM,2022-08-05 17:12:06
208,Bilma,18.6853,12.9164,106.11,10,10,11.65,NE,2022-08-05 17:12:07
209,Magdalena,14.1999,121.429,74.35,99,100,1.9,PH,2022-08-05 17:12:07
210,Arraial Do Cabo,-22.9661,-42.0278,85.86,45,0,11.5,BR,2022-08-05 17:12:08
211,Pangnirtung,66.1451,-65.7125,41.38,94,100,3.06,CA,2022-08-05 17:12:08
212,Chapais,49.7834,-74.8492,71.73,33,8,4.68,CA,2022-08-05 17:08:09
213,Dolinsk,47.35,142.8,55.06,90,99,7.49,RU,2022-08-05 17:12:08
214,Guerrero Negro,27.9769,-114.0611,76.98,66,1,13.69,MX,2022-08-05 17:12:09
215,Katsuura,35.1333,140.3,72.45,82,95,8.99,JP,2022-08-05 17:12:09
216,Vostok,46.4856,135.8833,64.0,98,100,4.38,RU,2022-08-05 17:12:10
217,Watertown,42.3709,-71.1828,95.61,51,0,6.91,US,2022-08-05 17:12:10
218,Ascension,30.2169,-90.9001,90.03,72,75,4.61,US,2022-08-05 17:12:10
219,Jacobabad,28.281,68.4388,92.88,50,23,10.89,PK,2022-08-05 17:12:11
220,East London,-33.0153,27.9116,66.4,76,4,2.91,ZA,2022-08-05 17:12:11
221,Los Llanos De Aridane,28.6585,-17.9182,73.15,65,40,14.97,ES,2022-08-05 17:12:11
222,Saldanha,-33.0117,17.9442,55.94,90,7,7.14,ZA,2022-08-05 17:12:12
223,Coquimbo,-29.9533,-71.3436,56.93,76,0,11.5,CL,2022-08-05 17:12:12
224,Peleduy,59.6289,112.7406,51.04,93,83,3.13,RU,2022-08-05 17:12:12
225,Cherskiy,68.75,161.3,47.32,71,100,7.43,RU,2022-08-05 17:12:13
226,Nanortalik,60.1432,-45.2371,45.97,90,100,7.52,GL,2022-08-05 17:12:13
227,Najran,17.4924,44.1277,85.17,45,97,4.9,SA,2022-08-05 17:12:14
228,Araceli,10.5529,119.9913,82.27,75,99,5.46,PH,2022-08-05 17:12:14
229,Russell,32.3502,-85.1999,92.91,52,20,0.0,US,2022-08-05 17:13:15
230,Inta,66.0317,60.1659,63.39,85,76,9.75,RU,2022-08-05 17:13:15
231,Tondano,1.3038,124.9112,68.09,95,97,3.76,ID,2022-08-05 17:13:15
232,Cantaura,9.3057,-64.3584,92.3,40,43,10.71,VE,2022-08-05 17:13:16
233,Saint-Francois,46.4154,3.9054,81.84,47,0,14.97,FR,2022-08-05 17:13:16
234,Awjilah,29.1081,21.2869,94.53,18,0,10.56,LY,2022-08-05 17:13:17
235,Piacabucu,-10.4056,-36.4344,78.89,62,25,9.04,BR,2022-08-05 17:13:17
236,Urubamba,-13.3047,-72.1158,63.5,86,100,6.33,PE,2022-08-05 17:13:18
237,Constitucion,-35.3333,-72.4167,56.39,72,100,2.98,CL,2022-08-05 17:13:18
238,Esperance,-33.8667,121.9,53.35,73,100,5.5,AU,2022-08-05 17:13:18
239,Svrljig,43.4133,22.1211,89.22,25,0,4.63,RS,2022-08-05 17:13:19
240,Suez,29.9737,32.5263,87.85,47,0,19.26,EG,2022-08-05 17:13:19
241,Haines Junction,60.7522,-137.5108,54.93,78,100,5.97,CA,2022-08-05 17:13:19
242,Narsaq,60.9167,-46.05,50.22,93,100,3.36,GL,2022-08-05 17:13:20
243,Ukiah,39.1502,-123.2078,81.37,59,0,9.22,US,2022-08-05 17:13:20
244,Xiongzhou,25.1167,114.3,75.49,96,100,2.21,CN,2022-08-05 17:13:20
245,Sibolga,1.7427,98.7792,77.36,71,100,3.36,ID,2022-08-05 17:13:21
246,Rotifunk,8.2333,-12.6833,78.64,87,90,5.77,SL,2022-08-05 17:13:21
247,Villazon,-22.0866,-65.5942,58.86,4,0,6.58,BO,2022-08-05 17:13:22
248,Santarem,-2.4431,-54.7083,86.13,79,40,12.66,BR,2022-08-05 17:13:22
249,Mount Gambier,-37.8333,140.7667,44.51,93,100,9.22,AU,2022-08-05 17:13:22
250,Sisimiut,66.9395,-53.6735,47.39,78,100,6.96,GL,2022-08-05 17:13:23
251,Lebu,-37.6167,-73.65,52.36,93,100,4.61,CL,2022-08-05 17:13:23
252,Bagua Grande,-5.7561,-78.4411,85.14,55,96,6.31,PE,2022-08-05 17:13:23
253,Prince Rupert,54.3161,-130.3201,59.97,78,95,2.24,CA,2022-08-05 17:11:09
254,Tiksi,71.6872,128.8694,39.92,98,76,3.36,RU,2022-08-05 17:13:24
255,Hastings,50.8552,0.5729,74.79,48,7,2.93,GB,2022-08-05 17:13:24
256,Ixtapa,20.7,-105.2,90.23,62,40,3.0,MX,2022-08-05 17:13:24
257,Alyangula,-13.8483,136.4192,73.62,88,76,4.25,AU,2022-08-05 17:13:25
258,Odweyne,9.4092,45.064,79.16,41,80,19.89,SO,2022-08-05 17:13:25
259,Puerto Leguizamo,-0.1934,-74.7819,73.85,96,100,2.13,CO,2022-08-05 17:13:26
260,Kangaatsiaq,68.3065,-53.4641,42.8,94,100,2.93,GL,2022-08-05 17:13:26
261,Lai,9.3952,16.2989,77.72,81,92,3.62,TD,2022-08-05 17:13:26
262,Petropavlovsk-Kamchatskiy,53.0452,158.6483,51.78,100,0,1.41,RU,2022-08-05 17:13:27
263,Ponoka,52.6768,-113.5815,54.88,87,100,15.95,CA,2022-08-05 17:13:27
264,Chingirlau,51.095,54.0814,76.37,36,32,12.1,KZ,2022-08-05 17:13:27
265,Laguna,38.421,-121.4238,75.29,64,0,11.5,US,2022-08-05 17:13:27
266,Klaksvik,62.2266,-6.589,54.52,78,50,14.0,FO,2022-08-05 17:13:28
267,Rabo De Peixe,37.8,-25.5833,76.51,83,20,6.91,PT,2022-08-05 17:13:28
268,Corinth,37.9407,22.9573,85.89,38,0,8.72,GR,2022-08-05 17:11:10
269,Verkhoyansk,67.5447,133.385,56.14,55,100,2.3,RU,2022-08-05 17:13:28
270,Zonguldak,41.25,31.8333,67.5,86,91,4.52,TR,2022-08-05 17:13:29
271,Svetlyy,54.675,20.1347,84.25,45,81,9.57,RU,2022-08-05 17:13:29
272,Rocha,-34.4833,-54.3333,56.48,59,2,10.2,UY,2022-08-05 17:09:21
273,Le Port,-20.9373,55.2919,69.8,63,48,4.9,RE,2022-08-05 17:13:30
274,Kavieng,-2.5744,150.7967,80.67,77,100,6.85,PG,2022-08-05 17:14:30
275,Adrar,20.5022,-10.0711,104.0,17,7,1.86,MR,2022-08-05 17:14:30
276,Sistranda,63.7256,8.834,57.16,74,5,22.66,NO,2022-08-05 17:14:31
277,Saiha,22.4833,92.9667,73.42,99,100,0.69,IN,2022-08-05 17:14:31
278,Bengkulu,-3.8004,102.2655,74.5,85,100,3.87,ID,2022-08-05 17:14:31
279,Poum,-20.2333,164.0167,74.23,84,7,5.82,NC,2022-08-05 17:14:32
280,San Ramon De La Nueva Oran,-23.1322,-64.326,75.42,33,3,5.28,AR,2022-08-05 17:14:32
281,Zabol,32.25,67.25,81.72,17,0,12.21,AF,2022-08-05 17:14:32
282,Salacgriva,57.7536,24.3581,73.78,73,58,8.72,LV,2022-08-05 17:14:33
283,Forio,40.7342,13.8646,86.29,51,5,5.99,IT,2022-08-05 17:14:33
284,Inuvik,68.3499,-133.7218,70.79,45,4,16.6,CA,2022-08-05 17:14:33
285,Padang,-0.9492,100.3543,76.82,76,81,3.69,ID,2022-08-05 17:14:34
286,Yenagoa,4.9247,6.2642,79.5,72,91,7.23,NG,2022-08-05 17:11:04
287,Macusani,-14.0833,-70.4333,45.5,58,100,10.02,PE,2022-08-05 17:14:34
288,Broken Hill,-31.95,141.4333,45.97,68,0,14.43,AU,2022-08-05 17:14:34
289,Gushi,34.6425,109.5843,87.46,54,3,1.92,CN,2022-08-05 17:14:35
290,Sorland,67.667,12.6934,53.46,78,86,28.83,NO,2022-08-05 17:14:35
291,Pangai,-19.8,-174.35,76.06,84,100,15.28,TO,2022-08-05 17:14:35
292,Lorengau,-2.0226,147.2712,79.23,80,100,2.24,PG,2022-08-05 17:14:36
293,Solnechnyy,50.7214,136.6319,63.48,98,100,4.05,RU,2022-08-05 17:14:36
294,Arrifes,37.7667,-25.7,75.45,83,20,6.91,PT,2022-08-05 17:14:36
295,Beringovskiy,63.05,179.3167,47.19,85,69,9.66,RU,2022-08-05 17:14:37
296,Iqaluit,63.7506,-68.5145,40.73,93,75,8.05,CA,2022-08-05 17:14:37
297,Nanakuli,21.3906,-158.1547,73.35,83,0,3.44,US,2022-08-05 17:14:37
298,Bor,56.3567,44.0669,73.33,70,57,4.18,RU,2022-08-05 17:14:38
299,Changtu,42.7788,124.0955,71.82,86,55,5.35,CN,2022-08-05 17:14:38
300,Kenora,49.8167,-94.4337,74.37,73,100,12.66,CA,2022-08-05 17:14:38
301,Mustvee,58.8486,26.9397,73.35,67,86,6.26,EE,2022-08-05 17:14:39
302,Inhambane,-23.865,35.3833,70.03,83,0,9.15,MZ,2022-08-05 17:14:39
303,Umm Kaddadah,13.6017,26.6876,90.95,37,77,7.74,SD,2022-08-05 17:14:39
304,Borujerd,33.8973,48.7516,87.46,15,96,2.01,IR,2022-08-05 17:14:40
305,Ouango,4.3133,22.5552,72.61,94,52,4.23,CF,2022-08-05 17:14:40
306,Comodoro Rivadavia,-45.8667,-67.5,46.26,61,40,16.11,AR,2022-08-05 17:14:40
307,Cairns,-16.9167,145.7667,73.35,78,100,0.0,AU,2022-08-05 17:14:41
308,Saint-Paul,-21.0096,55.2707,68.11,77,62,1.95,RE,2022-08-05 17:14:41
309,Pallasovka,50.05,46.8833,80.06,27,40,12.33,RU,2022-08-05 17:14:41
310,Ios,36.7333,25.2833,80.51,55,0,8.99,GR,2022-08-05 17:14:42
311,Tomatlan,19.9333,-105.25,88.75,64,35,3.11,MX,2022-08-05 17:14:42
312,Bosobolo,4.1833,19.9,73.45,96,73,4.12,CD,2022-08-05 17:11:21
313,Mporokoso,-9.3727,30.125,67.66,33,1,6.26,ZM,2022-08-05 17:14:42
314,Hami,42.8,93.45,84.51,37,70,4.97,CN,2022-08-05 17:14:43
315,Jambi,-1.6,103.6167,74.26,94,100,1.34,ID,2022-08-05 17:14:43
316,Evensk,61.95,159.2333,51.76,99,100,6.22,RU,2022-08-05 17:14:43
317,Rongcheng,30.634,117.8517,83.26,74,79,2.91,CN,2022-08-05 17:15:44
318,Niigata,37.9022,139.0236,75.92,84,97,6.31,JP,2022-08-05 17:15:44
319,Nishihara,26.1842,127.7558,81.68,83,0,2.3,JP,2022-08-05 17:15:45
320,Fornosovo,59.5689,30.5544,78.46,61,6,6.35,RU,2022-08-05 17:15:45
321,Bacolod,10.6667,122.95,76.95,89,100,5.14,PH,2022-08-05 17:14:34
322,Srednekolymsk,67.45,153.6833,45.7,68,43,2.39,RU,2022-08-05 17:15:45
323,Sokolow Podlaski,52.4068,22.2531,79.27,56,35,8.66,PL,2022-08-05 17:15:46
324,Yairipok,24.6667,94.0667,71.76,98,99,2.01,IN,2022-08-05 17:15:46
325,Batagay-Alyta,67.8006,130.4114,51.89,62,100,2.42,RU,2022-08-05 17:15:46
326,Kununurra,-15.7667,128.7333,69.78,83,42,4.61,AU,2022-08-05 17:15:46
327,Kamenka,51.3223,42.7678,74.8,47,67,9.01,RU,2022-08-05 17:15:47
328,Marawi,7.9986,124.2928,68.95,93,100,2.8,PH,2022-08-05 17:15:47
329,Dayong,25.0209,118.2898,77.63,93,8,2.48,CN,2022-08-05 17:15:47
330,Bhavnagar,21.7667,72.15,81.14,85,100,4.72,IN,2022-08-05 17:13:40
331,Mormugao,15.4,73.8,78.76,83,100,19.82,IN,2022-08-05 17:15:48
332,San Lorenzo,-25.3333,-57.5333,67.14,49,0,9.22,PY,2022-08-05 17:12:55
333,Otjimbingwe,-22.35,16.1333,75.74,15,0,8.21,NA,2022-08-05 17:15:48
334,Kjollefjord,70.9457,27.3465,53.65,87,75,10.36,NO,2022-08-05 17:15:49
335,San Cristobal,7.7669,-72.225,80.78,51,100,7.27,VE,2022-08-05 17:15:49
336,Narrabri,-30.3167,149.7833,55.49,88,100,10.36,AU,2022-08-05 17:15:49
337,Vila Franca Do Campo,37.7167,-25.4333,75.61,74,30,8.43,PT,2022-08-05 17:15:50
338,Jiaohe,43.7286,127.3447,66.63,96,17,4.16,CN,2022-08-05 17:15:50
339,Limon,10.0,-83.0333,85.89,70,75,9.22,CR,2022-08-05 17:15:50
340,Tacuati,-23.45,-56.5833,75.25,41,79,3.62,PY,2022-08-05 17:15:50
341,Cotonou,6.3654,2.4183,78.78,78,40,12.66,BJ,2022-08-05 17:15:51
342,Batemans Bay,-35.7167,150.1833,53.1,59,0,4.94,AU,2022-08-05 17:15:51
343,Dalaba,10.7,-12.25,68.4,89,87,4.23,GN,2022-08-05 17:15:51
344,Hualmay,-11.0964,-77.6139,65.53,71,100,11.05,PE,2022-08-05 17:15:52
345,Tenenkou,14.4572,-4.9169,89.13,44,98,6.15,ML,2022-08-05 17:15:52
346,Tibagi,-24.5094,-50.4136,73.58,54,87,5.53,BR,2022-08-05 17:15:52
347,Coahuayana,18.7333,-103.6833,88.45,59,70,3.36,MX,2022-08-05 17:15:53
348,Nuuk,64.1835,-51.7216,47.01,87,100,35.68,GL,2022-08-05 17:15:53
349,Naranjal,-2.6667,-79.6167,78.03,77,98,4.38,EC,2022-08-05 17:15:53
350,Brae,60.3964,-1.353,52.3,80,100,17.0,GB,2022-08-05 17:15:54
351,Isangel,-19.55,169.2667,74.73,84,89,9.35,VU,2022-08-05 17:15:54
352,Honiara,-9.4333,159.95,76.59,88,30,4.38,SB,2022-08-05 17:15:54
353,Asfi,32.2994,-9.2372,76.48,68,1,20.67,MA,2022-08-05 17:15:55
354,Shingu,33.7333,135.9833,76.75,92,11,5.01,JP,2022-08-05 17:15:55
355,Morrope,-6.5417,-80.0111,69.91,59,78,14.54,PE,2022-08-05 17:15:55
356,Chaman,30.9236,66.4512,89.73,18,0,3.71,PK,2022-08-05 17:15:56
357,Yerbogachen,61.2767,108.0108,50.65,90,100,6.22,RU,2022-08-05 17:15:56
358,Kavaratti,10.5669,72.642,80.31,81,100,21.09,IN,2022-08-05 17:15:56
359,Brookhaven,31.5791,-90.4407,85.8,52,41,7.81,US,2022-08-05 17:15:56
360,Gezing,47.9178,13.1299,82.99,90,55,4.29,AT,2022-08-05 17:15:57
361,Zhigansk,66.7697,123.3711,49.12,92,100,20.85,RU,2022-08-05 17:15:57
362,Havre-Saint-Pierre,50.2334,-63.5986,77.36,50,75,12.66,CA,2022-08-05 17:15:57
363,Mikuni,36.2171,136.1519,76.91,86,97,6.38,JP,2022-08-05 17:15:58
364,Teshie,5.5836,-0.1072,77.56,78,20,11.5,GH,2022-08-05 17:16:58
365,Flensburg,54.7833,9.4333,62.31,67,79,21.85,DE,2022-08-05 17:16:58
366,Labuhan,-6.8844,112.2051,75.0,85,68,5.28,ID,2022-08-05 17:16:59
367,Agadez,19.75,10.25,103.35,14,10,11.12,NE,2022-08-05 17:16:59
368,Dunedin,-45.8742,170.5036,54.81,67,100,4.03,NZ,2022-08-05 17:15:24
369,Bonavista,48.6499,-53.1147,72.21,68,79,12.75,CA,2022-08-05 17:16:59
370,Ambikapur,23.1167,83.2,79.61,77,77,3.53,IN,2022-08-05 17:17:00
371,Mariinsk,56.2139,87.7472,53.85,80,44,0.78,RU,2022-08-05 17:17:00
372,Catuday,16.2923,119.8062,79.93,79,75,7.07,PH,2022-08-05 17:17:00
373,Kingswood,51.4528,-2.5083,70.99,47,7,16.11,GB,2022-08-05 17:15:23
374,Tavda,58.0425,65.2726,69.48,60,91,4.63,RU,2022-08-05 17:17:01
375,Florissant,38.7892,-90.3226,88.11,81,100,10.36,US,2022-08-05 17:12:33
376,Port Elizabeth,-33.918,25.5701,60.31,88,43,7.0,ZA,2022-08-05 17:12:10
377,Loukhi,66.0764,33.0381,75.92,56,66,12.59,RU,2022-08-05 17:17:01
378,Nanao,37.05,136.9667,78.28,95,95,3.6,JP,2022-08-05 17:17:04
379,Alofi,-19.0595,-169.9187,73.29,94,100,9.22,NU,2022-08-05 17:17:04
380,Ballina,-28.8667,153.5667,62.02,80,100,7.9,AU,2022-08-05 17:17:05
381,Saint Pete Beach,27.7253,-82.7412,95.2,58,0,5.99,US,2022-08-05 17:17:05
382,Walvis Bay,-22.9575,14.5053,56.35,82,17,5.75,NA,2022-08-05 17:17:05
383,Mersing,2.4312,103.8405,78.71,78,40,5.75,MY,2022-08-05 17:17:08
384,Terrace,54.5163,-128.6035,61.45,75,77,0.94,CA,2022-08-05 17:14:09
385,Kitgum,3.2783,32.8867,71.42,77,81,4.32,UG,2022-08-05 17:17:09
386,Kijang,35.2442,129.2139,82.13,90,65,5.35,KR,2022-08-05 17:17:09
387,Ilulissat,69.2167,-51.1,51.82,71,75,9.22,GL,2022-08-05 17:17:09
388,Bayan,46.0833,127.4,68.22,86,44,9.73,CN,2022-08-05 17:17:10
389,Eldorado,-23.7869,-54.2836,66.22,56,77,3.96,BR,2022-08-05 17:17:10
390,Qasigiannguit,68.8193,-51.1922,52.05,87,100,2.57,GL,2022-08-05 17:17:11
391,Oksovskiy,62.6062,39.8984,71.26,68,8,3.11,RU,2022-08-05 17:17:13
392,Tallahassee,30.4383,-84.2807,93.85,64,40,8.05,US,2022-08-05 17:17:14
393,Hamilton,39.1834,-84.5333,82.31,100,75,10.36,US,2022-08-05 17:17:14
394,Tiarei,-17.5333,-149.3333,71.62,81,77,27.85,PF,2022-08-05 17:17:15
395,Olafsvik,64.8945,-23.7142,51.6,93,100,16.08,IS,2022-08-05 17:17:15
396,Lantawan,10.6167,123.9833,76.69,86,100,4.38,PH,2022-08-05 17:17:15
397,Paita,-5.0892,-81.1144,69.57,69,34,11.03,PE,2022-08-05 17:17:16
398,Kirundo,-2.5833,30.1667,71.89,49,98,3.78,BI,2022-08-05 17:17:16
399,Kurilsk,45.2333,147.8833,51.48,91,55,8.08,RU,2022-08-05 17:17:17
400,Cayenne,4.9333,-52.3333,89.64,28,0,11.5,GF,2022-08-05 17:14:57
401,Chicama,-7.8447,-79.1469,63.14,60,93,10.29,PE,2022-08-05 17:17:17
402,Ondjiva,-17.0667,15.7333,77.29,22,0,5.86,AO,2022-08-05 17:17:17
403,San Patricio,28.017,-97.5169,95.07,38,99,10.85,US,2022-08-05 17:17:18
404,Metro,-5.1131,105.3067,73.98,90,55,2.59,ID,2022-08-05 17:17:19
405,Xai-Xai,-25.0519,33.6442,67.64,82,0,6.31,MZ,2022-08-05 17:17:19
406,Raton,36.9034,-104.4391,84.33,56,0,8.05,US,2022-08-05 17:17:19
407,Cabedelo,-6.9811,-34.8339,83.07,69,35,14.36,BR,2022-08-05 17:17:20
408,Vanimo,-2.6741,141.3028,76.01,90,96,1.74,PG,2022-08-05 17:17:20
409,Moerai,-22.4333,-151.3333,70.83,69,100,21.68,PF,2022-08-05 17:17:21
410,El Tarra,8.5756,-73.0949,88.74,59,71,3.94,CO,2022-08-05 17:16:09
411,Balkanabat,39.5108,54.3671,93.65,25,2,9.46,TM,2022-08-05 17:17:21
412,Beba,22.4437,-79.7253,89.87,66,12,13.18,CU,2022-08-05 17:18:22
413,Champasak,14.75,106.0,72.46,97,100,1.68,LA,2022-08-05 17:18:22
414,Dalvik,65.9702,-18.5286,60.73,61,19,5.17,IS,2022-08-05 17:18:22
415,Ola,59.5833,151.2833,57.15,97,92,8.79,RU,2022-08-05 17:18:23
416,Calahorra,42.3051,-1.9652,87.71,41,10,20.42,ES,2022-08-05 17:18:23
417,Puerto Penasco,31.3167,-113.5333,87.91,77,0,5.99,MX,2022-08-05 17:18:24
418,Diapaga,12.0708,1.7889,82.67,71,70,5.23,BF,2022-08-05 17:18:24
419,Paamiut,61.994,-49.6678,45.86,89,100,16.84,GL,2022-08-05 17:18:24
420,Camacha,33.0833,-16.3333,69.22,83,75,11.5,PT,2022-08-05 17:18:25
421,Roma,43.2128,-75.4557,85.68,70,20,3.44,US,2022-08-05 17:18:25
422,Sangar,63.9242,127.4739,64.45,82,100,13.33,RU,2022-08-05 17:18:25
423,Nome,64.5011,-165.4064,51.87,87,100,3.44,US,2022-08-05 17:18:26
424,Massakory,12.996,15.7293,82.65,68,84,7.94,TD,2022-08-05 17:18:26
425,Borodino,55.9106,94.8983,46.81,79,97,4.32,RU,2022-08-05 17:18:26
426,Luba,3.4568,8.5547,75.09,88,79,9.06,GQ,2022-08-05 17:18:27
427,Praia Da Vitoria,38.7333,-27.0667,77.76,88,40,7.96,PT,2022-08-05 17:18:27
428,Abnub,27.2696,31.1511,97.0,17,2,10.65,EG,2022-08-05 17:18:27
429,Tupiza,-21.45,-65.7167,68.4,5,0,19.37,BO,2022-08-05 17:18:28
430,Ubatuba,-23.4339,-45.0711,75.6,73,53,8.14,BR,2022-08-05 17:18:28
431,Teguise,29.0605,-13.564,77.22,61,20,24.16,ES,2022-08-05 17:18:28
432,Porto Torres,40.835,8.3972,91.58,58,8,7.74,IT,2022-08-05 17:18:29
433,Bilibino,68.0546,166.4372,43.14,83,93,6.35,RU,2022-08-05 17:18:29
434,Flinders,-34.5833,150.8552,56.37,76,0,5.01,AU,2022-08-05 17:18:29
435,Cukai,4.25,103.4167,75.15,87,100,1.63,MY,2022-08-05 17:18:30
436,Daru,-9.0763,143.2092,77.81,91,90,13.24,PG,2022-08-05 17:18:30
437,Grand Gaube,-20.0064,57.6608,70.38,67,1,5.99,MU,2022-08-05 17:18:30
438,Fairbanks,64.8378,-147.7164,54.25,93,100,5.75,US,2022-08-05 17:18:31
439,Katherine,-14.4667,132.2667,75.52,64,40,3.44,AU,2022-08-05 17:18:31
440,Bonthe,7.5264,-12.505,79.65,75,76,12.8,SL,2022-08-05 17:18:31
441,Las Vegas,36.175,-115.1372,85.44,60,75,13.8,US,2022-08-05 17:18:02
442,Tarandacuao,20.0,-100.5333,74.59,50,13,2.37,MX,2022-08-05 17:18:32
443,Amuntai,-2.4177,115.2494,72.64,93,61,1.41,ID,2022-08-05 17:18:32
444,Sitka,57.0531,-135.33,57.09,88,100,10.36,US,2022-08-05 17:18:33
445,Aguimes,27.9054,-15.4461,77.67,69,20,34.52,ES,2022-08-05 17:18:33
446,Xuddur,4.1213,43.8894,79.66,44,44,19.39,SO,2022-08-05 17:18:33
447,Myitkyina,25.3833,97.4,73.96,99,73,0.83,MM,2022-08-05 17:18:33
448,Tuy Hoa,13.0833,109.3,79.11,79,100,8.01,VN,2022-08-05 17:15:57
449,Vredendal,-31.6683,18.5012,56.86,73,69,10.47,ZA,2022-08-05 17:18:34
450,Zabid,14.1951,43.3152,93.74,42,64,9.33,YE,2022-08-05 17:18:34
451,Itupiranga,-5.1347,-49.3267,93.52,52,54,2.13,BR,2022-08-05 17:18:34
452,Redlands,34.0556,-117.1825,89.11,53,40,4.61,US,2022-08-05 17:18:16
453,Pottstown,40.2454,-75.6496,88.68,68,40,5.75,US,2022-08-05 17:16:40
454,Sakakah,29.9697,40.2064,96.37,14,15,4.07,SA,2022-08-05 17:19:35
455,Itigi,-5.7,34.4833,69.51,38,24,6.2,TZ,2022-08-05 17:19:35
456,Haldwani,29.2167,79.5167,80.78,78,73,4.14,IN,2022-08-05 17:19:36
457,Denpasar,-8.65,115.2167,76.71,94,20,3.44,ID,2022-08-05 17:19:36
458,Abha,18.2164,42.5053,64.22,94,40,11.5,SA,2022-08-05 17:19:36
459,Saint-Joseph,-21.3667,55.6167,66.58,75,30,9.73,RE,2022-08-05 17:19:37
460,Karuzi,-3.125,30.1333,71.38,44,99,2.8,BI,2022-08-05 17:19:37
461,Broome,42.2506,-75.833,86.7,75,99,4.0,US,2022-08-05 17:19:37
462,Horki,54.2861,30.9842,73.29,77,7,4.27,BY,2022-08-05 17:19:38
463,Nemuro,43.3236,145.575,57.99,79,99,5.84,JP,2022-08-05 17:19:38
464,Nyurba,63.2842,118.3319,47.61,99,100,7.96,RU,2022-08-05 17:19:38
465,Bontang,0.1333,117.5,76.17,91,24,9.31,ID,2022-08-05 17:19:39
466,Zhicheng,30.2956,111.5047,82.42,74,31,4.61,CN,2022-08-05 17:19:39
467,Mulege,26.8833,-111.9833,91.76,49,12,6.13,MX,2022-08-05 17:19:39
468,Asau,46.4333,26.4,79.72,65,75,2.24,RO,2022-08-05 17:19:40
469,Leh,34.1667,77.5833,65.12,53,82,6.55,IN,2022-08-05 17:18:56
470,Manadhoo,5.7667,73.3833,80.91,82,100,16.13,MV,2022-08-05 17:19:40
471,Sao Filipe,14.8961,-24.4956,77.95,79,58,9.08,CV,2022-08-05 17:19:40
472,Sisophon,13.5859,102.9737,77.27,88,100,6.13,KH,2022-08-05 17:19:41
473,Beibei,29.8256,106.4339,87.37,73,8,1.48,CN,2022-08-05 17:19:41
474,Waddan,29.1614,16.139,97.29,20,0,11.88,LY,2022-08-05 17:19:41
475,Carmelo,-33.9892,-58.2856,59.07,42,0,4.52,UY,2022-08-05 17:19:41
476,Yining,29.0361,114.5636,78.49,80,25,2.33,CN,2022-08-05 17:19:42
477,Paragominas,-2.9667,-47.4833,81.25,77,81,3.49,BR,2022-08-05 17:19:42
478,Robertsport,6.7533,-11.3686,77.97,77,100,13.71,LR,2022-08-05 17:19:42
479,Benemerito De Las Americas,16.5167,-90.6439,87.98,51,72,3.44,MX,2022-08-05 17:19:43
480,Ust-Kuyga,70.0167,135.6,47.97,76,100,6.29,RU,2022-08-05 17:19:43
481,Yulara,-25.2406,130.9889,48.88,35,0,9.17,AU,2022-08-05 17:19:43
482,Tabou,4.423,-7.3528,76.64,74,100,7.11,CI,2022-08-05 17:19:44
483,Portland,45.5234,-122.6762,71.17,66,20,9.22,US,2022-08-05 17:19:11
484,Lima,-12.0432,-77.0282,61.05,72,100,5.75,PE,2022-08-05 17:14:58
485,Saint-Pierre,-21.3393,55.4781,67.68,77,0,4.61,RE,2022-08-05 17:19:44
486,Horta,38.5333,-28.6333,80.24,69,20,4.61,PT,2022-08-05 17:19:45
487,Yinchuan,38.4681,106.2731,88.45,42,36,7.18,CN,2022-08-05 17:19:45
488,Pouembout,-21.1333,164.9,70.18,92,6,4.47,NC,2022-08-05 17:19:45
489,Candolim,15.5181,73.7626,79.41,84,100,20.24,IN,2022-08-05 17:19:46
490,Koson,39.0375,65.585,82.35,22,0,9.37,UZ,2022-08-05 17:19:46
491,Huancavelica,-12.7667,-74.9833,44.74,59,100,6.51,PE,2022-08-05 17:19:46
492,Mayo,38.8876,-76.5119,92.35,78,0,8.01,US,2022-08-05 17:19:24
493,Antalaha,-14.9003,50.2788,69.19,77,95,7.94,MG,2022-08-05 17:19:47
494,Villa Carlos Paz,-31.4241,-64.4978,65.05,26,3,11.01,AR,2022-08-05 17:19:47
495,Tayga,56.06,85.6197,54.52,80,28,3.04,RU,2022-08-05 17:19:47
496,Joshimath,30.5667,79.5667,71.02,93,91,0.87,IN,2022-08-05 17:19:48
497,Clyde River,70.4692,-68.5914,52.03,66,75,14.97,CA,2022-08-05 17:19:03
498,Ostrovskoye,57.8057,42.2433,70.34,63,36,4.5,RU,2022-08-05 17:20:48
499,Verkhnevilyuysk,63.4453,120.3167,50.14,99,100,5.48,RU,2022-08-05 17:20:48
500,Khirkiya,22.1674,76.8605,81.45,82,21,2.91,IN,2022-08-05 17:20:49
501,Mapastepec,15.4333,-92.9,85.68,66,99,5.88,MX,2022-08-05 17:20:49
502,Egvekinot,66.3167,-179.1667,36.39,83,16,5.28,RU,2022-08-05 17:20:49
503,Uvira,-3.4067,29.1458,76.14,65,39,3.65,CD,2022-08-05 17:20:49
504,Opuwo,-18.0607,13.84,77.16,25,0,6.91,NA,2022-08-05 17:20:50
505,Sioux City,42.5,-96.4003,87.39,58,0,11.5,US,2022-08-05 17:17:04
506,Izhma,65.0083,53.9113,67.21,79,91,4.36,RU,2022-08-05 17:20:50
507,Bafoulabe,13.8065,-10.8321,88.23,59,100,2.68,ML,2022-08-05 17:20:50
508,Acarau,-2.8856,-40.12,86.7,53,4,18.07,BR,2022-08-05 17:20:51
509,Sao Felix Do Xingu,-6.6447,-51.995,93.58,32,43,4.38,BR,2022-08-05 17:20:51
510,Komarikhinskiy,58.0979,57.1163,68.79,60,65,2.24,RU,2022-08-05 17:20:51
511,Strezhevoy,60.7333,77.5889,63.28,64,85,5.08,RU,2022-08-05 17:20:52
512,Kwakoa,-3.7667,37.7167,71.1,57,100,9.37,TZ,2022-08-05 17:20:52
513,Ancud,-41.8697,-73.8203,45.23,69,88,8.43,CL,2022-08-05 17:20:52
514,Itarema,-2.9248,-39.9167,85.73,55,4,17.45,BR,2022-08-05 17:20:53
515,Yungay,-9.1383,-77.7436,67.48,48,100,4.85,PE,2022-08-05 17:20:53
516,Moorpark,34.2856,-118.882,87.3,64,88,1.99,US,2022-08-05 17:17:06
517,Sabha,27.0377,14.4283,103.8,12,2,8.25,LY,2022-08-05 17:20:53
518,Ashland,40.8167,-82.2665,87.03,64,1,4.29,US,2022-08-05 17:19:25
519,Muisne,0.6,-80.0333,75.16,83,99,9.66,EC,2022-08-05 17:20:54
520,Port Hedland,-20.3167,118.5667,57.25,54,0,5.75,AU,2022-08-05 17:19:28
521,Nizwa,22.9333,57.5333,94.21,34,66,3.83,OM,2022-08-05 17:20:54
522,Pioner,55.3166,85.9508,60.24,72,0,6.71,RU,2022-08-05 17:20:55
523,Petrovsk-Zabaykalskiy,51.273,108.843,50.52,87,98,2.1,RU,2022-08-05 17:20:55
524,Tessalit,20.1986,1.0114,89.24,38,87,6.55,ML,2022-08-05 17:20:55
525,Ambilobe,-13.2,49.05,71.46,71,71,3.18,MG,2022-08-05 17:20:55
526,Bokoro,12.3807,17.0568,86.7,57,73,4.7,TD,2022-08-05 17:20:56
527,Gualaquiza,-3.4,-78.55,75.78,65,73,3.87,EC,2022-08-05 17:20:56
528,Townsville,-19.25,146.8,70.68,88,100,0.0,AU,2022-08-05 17:19:26
529,Port Augusta,-32.5,137.7667,45.75,90,1,6.08,AU,2022-08-05 17:20:56
530,Amarpur,25.0333,86.9,88.92,64,100,5.95,IN,2022-08-05 17:20:57
531,Trairi,-3.2778,-39.2689,85.32,57,4,14.85,BR,2022-08-05 17:18:33
532,Namwala,-15.7504,26.4384,71.94,28,0,6.13,ZM,2022-08-05 17:20:57
533,Nguru,12.8791,10.4526,91.15,42,67,8.1,NG,2022-08-05 17:20:58
534,Cayhagan,9.6697,122.4256,78.19,82,100,2.28,PH,2022-08-05 17:20:58
535,Kikwit,-5.041,18.8162,89.62,16,11,3.58,CD,2022-08-05 17:20:58
